Tarposition(deg)	position(deg)	Current(A)
0 0 0
0.00000000 6.64693117 0.00207962
0.00000000 6.70186424 0.00266458
0.00000000 6.75679827 0.00279219
0.00000000 6.81173134 0.00275915
0.00000000 6.81173134 0.00271445
0.00000000 6.86666489 0.00243584
0.00000000 6.92159796 0.00237066
0.00000000 6.97653103 0.00199983
0.00000000 7.08639812 0.00132558
0.00000000 7.08639812 0.00064860
0.00000000 7.14133167 0.00017607
0.00000000 7.19626427 0.00136703
0.00000000 7.25119781 0.00262148
0.00000000 7.30613136 0.00363645
0.00000000 7.41599846 0.00470443
0.00000000 7.47093105 0.00655869
0.00000000 7.58079815 0.00887995
0.00000000 7.63573122 0.01019221
0.00000000 7.74559832 0.01165267
0.00000000 7.80053091 0.01294946
0.00000000 7.91039801 0.01406079
0.00000000 8.02026463 0.01482858
0.00000000 8.13013077 0.01589915
0.00000000 8.29493141 0.01682733
0.00000000 8.45973110 0.01778140
0.00000000 8.62453079 0.01865843
0.00000000 8.78933048 0.01920546
0.00000000 8.95413017 0.01967562
0.00000000 9.06399727 0.02024491
0.00000000 9.22879696 0.02083453
0.00000000 9.39359665 0.02161105
0.00000000 9.55839729 0.02219683
0.00000000 9.66826344 0.02284430
0.00000000 9.88799667 0.02362533
0.00000000 10.05279732 0.02385865
0.00000000 10.32746315 0.02352725
0.00000000 10.60212994 0.02321324
0.00000000 10.98666286 0.02204272
0.00000000 11.42612839 0.02080960
0.00000000 11.86559677 0.01944354
0.00000000 12.30506325 0.01812486
0.00000000 12.68959618 0.01709497
0.00000000 13.01919556 0.01633419
0.00000000 13.40372849 0.01600374
0.00000000 13.67839527 0.01575700
0.00000000 14.00799656 0.01590364
0.00000000 14.22772884 0.01600157
0.00000000 14.39252853 0.01648837
0.00000000 14.61226273 0.01687289
0.00000000 14.88692951 0.01722776
0.00000000 15.10666180 0.01775299
0.00000000 15.32639503 0.01846714
0.00000000 15.65599537 0.01889645
0.00000000 16.04052925 0.01860875
0.00000000 16.53492928 0.01797652
0.00000000 17.02932739 0.01737674
0.00000000 17.46879578 0.01695371
0.00000000 17.90826035 0.01645312
0.00000000 18.34772873 0.01604801
0.00000000 18.73226166 0.01572260
0.00000000 19.06186104 0.01571189
0.00000000 19.28159523 0.01574969
0.00000000 19.55626106 0.01608710
0.00000000 19.77599335 0.01630321
0.00000000 19.99572754 0.01654743
0.00000000 20.21546173 0.01690668
0.00000000 20.54506111 0.01673462
0.00000000 20.92959404 0.01672617
0.00000000 21.36906052 0.01630495
0.00000000 21.91839409 0.01582746
0.00000000 22.41279411 0.01589198
0.00000000 22.85225677 0.01565995
0.00000000 23.23679161 0.01603392
0.00000000 23.56639290 0.01627932
0.00000000 23.89599419 0.01658510
0.00000000 24.11572647 0.01699364
0.00000000 24.39039230 0.01738920
0.00000000 24.61012650 0.01824780
0.00000000 24.82985878 0.01926618
0.00000000 25.10452652 0.02034702
0.00000000 25.32425880 0.02101377
0.00000000 25.65386009 0.02163022
0.00000000 25.98345947 0.02180930
0.00000000 26.36799431 0.02167576
0.00000000 26.80745697 0.02161753
0.00000000 27.35679054 0.02123554
0.00000000 27.79625893 0.02121768
0.00000000 28.18079185 0.02121465
0.00000000 28.51039505 0.02119896
0.00000000 28.83999252 0.02066619
0.00000000 29.11466026 0.02095138
0.00000000 29.44425774 0.02141672
0.00000000 29.60905838 0.02153890
0.00000000 29.82879257 0.02197815
0.00000000 29.99359131 0.02246878
0.00000000 30.21332359 0.02327334
0.00000000 30.43305969 0.02421664
0.00000000 30.70772552 0.02509829
0.00000000 30.92745972 0.02598136
0.00000000 31.25705910 0.02651254
0.00000000 31.64159203 0.02644427
0.00000000 32.24585724 0.02556097
0.00000000 32.63039017 0.02493811
0.00000000 33.06985855 0.02401188
0.00000000 33.45439148 0.02395246
0.00000000 33.78399277 0.02387908
0.00000000 34.11359024 0.02329662
0.00000000 34.44319153 0.02321701
0.00000000 34.71785355 0.02343114
0.00000000 34.99252701 0.02336097
0.00000000 35.21225739 0.02356706
0.00000000 35.43199158 0.02386911
0.00000000 35.65172577 0.02409302
0.00000000 35.98132324 0.02414184
0.00000000 36.31092453 0.02406429
0.00000000 36.69545746 0.02372565
0.00000000 37.13492203 0.02336918
0.00000000 37.62932587 0.02308128
0.00000000 38.12372208 0.02279063
0.00000000 38.50825882 0.02242493
0.00000000 38.89278793 0.02221447
0.00000000 39.22238922 0.02252843
0.00000000 39.49705505 0.02318664
0.00000000 39.77172089 0.02374934
0.00000000 39.99145508 0.02419735
0.00000000 40.21118927 0.02507235
0.00000000 40.43092346 0.02549124
0.00000000 40.65065384 0.02604993
0.00000000 40.87038803 0.02694103
0.00000000 41.14505768 0.02722355
0.00000000 41.47465515 0.02753820
0.00000000 41.96905518 0.02727117
0.00000000 42.40851974 0.02710892
0.00000000 43.12265396 0.02645688
0.00000000 43.56211853 0.02604778
0.00000000 43.94665146 0.02588289
0.00000000 44.27624893 0.02557520
0.00000000 44.66078568 0.02536957
0.00000000 44.93545532 0.02531701
0.00000000 45.15518570 0.02572419
0.00000000 45.37491608 0.02576206
0.00000000 45.59465408 0.02633659
0.00000000 45.81438446 0.02650930
0.00000000 46.03412247 0.02649491
0.00000000 46.36371994 0.02647339
0.00000000 46.69332123 0.02623750
0.00000000 47.13278580 0.02598971
0.00000000 47.57225037 0.02562713
0.00000000 48.12158585 0.02530969
0.00000000 48.56105042 0.02502602
0.00000000 49.00052261 0.02484621
0.00000000 49.38505554 0.02448161
0.00000000 49.71465683 0.02426531
0.00000000 49.98932266 0.02409292
0.00000000 50.26398468 0.02432840
0.00000000 50.53865051 0.02411238
0.00000000 50.75838470 0.02461380
0.00000000 51.08798218 0.02478114
0.00000000 51.41758728 0.02509716
0.00000000 51.74718475 0.02486644
0.00000000 52.24158859 0.02403761
0.00000000 52.73598862 0.02358543
0.00000000 53.28531647 0.02313595
0.00000000 53.72478104 0.02274530
0.00000000 54.10932159 0.02282619
0.00000000 54.49385071 0.02283121
0.00000000 54.76852036 0.02301495
0.00000000 55.09811783 0.02340632
0.00000000 55.37278366 0.02409570
0.00000000 55.59251785 0.02456060
0.00000000 55.81224823 0.02507779
0.00000000 56.03198624 0.02552991
0.00000000 56.30664825 0.02597200
0.00000000 56.58131790 0.02604418
0.00000000 56.96584320 0.02574494
0.00000000 57.46025085 0.02541860
0.00000000 57.95465088 0.02488060
0.00000000 58.44905090 0.02415564
0.00000000 58.94344711 0.02351448
0.00000000 59.43785477 0.02306759
0.00000000 59.76744843 0.02288299
0.00000000 60.15198517 0.02288953
0.00000000 60.48158264 0.02325510
0.00000000 60.70131302 0.02342786
0.00000000 60.97598648 0.02343048
0.00000000 61.30558014 0.02374620
0.00000000 61.90985107 0.02310986
0.00000000 62.23944473 0.02211705
0.00000000 62.73384857 0.02039798
0.00000000 63.17331696 0.01940071
0.00000000 63.66771698 0.01856509
0.00000000 64.16211700 0.01840517
0.00000000 64.54664612 0.01867395
0.00000000 64.87624359 0.01953285
0.00000000 65.20584869 0.02053464
0.00000000 65.48051453 0.02158054
0.00000000 65.70024109 0.02248144
0.00000000 65.86505127 0.02330129
0.00000000 66.08477783 0.02413567
0.00000000 66.30451202 0.02523177
0.00000000 66.63411713 0.02590270
0.00000000 66.85385132 0.02647445
0.00000000 67.29331207 0.02667345
0.00000000 67.78771973 0.02652585
0.00000000 68.28211212 0.02594780
0.00000000 68.72158051 0.02554193
0.00000000 69.21598053 0.02507471
0.00000000 69.54558563 0.02510020
0.00000000 69.87518311 0.02477705
0.00000000 70.20478058 0.02464618
0.00000000 70.47944641 0.02473621
0.00000000 70.69918060 0.02482390
0.00000000 70.97383881 0.02525385
0.00000000 71.13864899 0.02563401
0.00000000 71.35838318 0.02564770
0.00000000 71.57810974 0.02566900
0.00000000 71.85278320 0.02598726
0.00000000 72.18238068 0.02587330
0.00000000 72.67678070 0.02533665
0.00000000 73.17117310 0.02488341
0.00000000 73.66557312 0.02444394
0.00000000 74.15998077 0.02414813
0.00000000 74.59944916 0.02380763
0.00000000 74.98397827 0.02341061
0.00000000 75.36850739 0.02335495
0.00000000 75.64317322 0.02344849
0.00000000 75.91784668 0.02351482
0.00000000 76.13758087 0.02348683
0.00000000 76.35730743 0.02376368
0.00000000 76.57704926 0.02416660
0.00000000 76.79678345 0.02463168
0.00000000 77.07144165 0.02481886
0.00000000 77.40104675 0.02424590
0.00000000 77.78557587 0.02419278
0.00000000 78.27997589 0.02366484
0.00000000 78.77438354 0.02338004
0.00000000 79.21384430 0.02296818
0.00000000 79.65331268 0.02245116
0.00000000 80.03784180 0.02218326
0.00000000 80.36743927 0.02181468
0.00000000 80.80691528 0.02189091
0.00000000 81.08157349 0.02223573
0.00000000 81.35623932 0.02273769
0.00000000 81.57597351 0.02316163
0.00000000 81.79571533 0.02351078
0.00000000 82.01543427 0.02406291
0.00000000 82.34504700 0.02385542
0.00000000 82.67463684 0.02372596
0.00000000 83.05917358 0.02339517
0.00000000 83.60851288 0.02270986
0.00000000 84.10290527 0.02251067
0.00000000 84.54238129 0.02280320
0.00000000 84.98184204 0.02266995
0.00000000 85.31144714 0.02275326
0.00000000 85.64104462 0.02291537
0.00000000 85.97064209 0.02330472
0.00000000 86.24530792 0.02370226
0.00000000 86.46504211 0.02405053
0.00000000 86.73971558 0.02438735
0.00000000 87.01436615 0.02453102
0.00000000 87.28903961 0.02443621
0.00000000 87.67357635 0.02405898
0.00000000 88.11303711 0.02321337
0.00000000 88.66237640 0.02212412
0.00000000 89.15676880 0.02188511
0.00000000 89.65117645 0.02172908
0.00000000 90.03571320 0.02171230
0.00000000 90.53010559 0.02184371
0.00000000 90.80476379 0.02219170
0.00000000 91.13437653 0.02273617
0.00000000 91.35410309 0.02309466
0.00000000 91.62876892 0.02385154
0.00000000 91.84851074 0.02475047
0.00000000 92.06824493 0.02528248
0.00000000 92.28797150 0.02589959
0.00000000 92.56263733 0.02598688
0.00000000 92.89224243 0.02584032
0.00000000 93.33171082 0.02531642
0.00000000 93.82610321 0.02451963
0.00000000 94.43036652 0.02392307
0.00000000 94.92477417 0.02346311
0.00000000 95.41916656 0.02327465
0.00000000 95.80371094 0.02318068
0.00000000 96.07836151 0.02303672
0.00000000 96.40797424 0.02295934
0.00000000 96.68263245 0.02339486
0.00000000 96.95730591 0.02339313
0.00000000 97.23197174 0.02356912
0.00000000 97.50662994 0.02331718
0.00000000 97.83623505 0.02321473
0.00000000 98.22077179 0.02229577
0.00000000 98.71517181 0.02134318
0.00000000 99.26450348 0.02043314
0.00000000 99.75890350 0.02033145
0.00000000 100.19837952 0.02079410
0.00000000 100.58290863 0.02117164
0.00000000 100.96743011 0.02165938
0.00000000 101.29703522 0.02214584
0.00000000 101.57170105 0.02274968
0.00000000 101.79143524 0.02371960
0.00000000 102.01116943 0.02416672
0.00000000 102.23090363 0.02462253
0.00000000 102.45063782 0.02492914
0.00000000 102.72530365 0.02529602
0.00000000 103.10983276 0.02522748
0.00000000 103.43943787 0.02478508
0.00000000 104.09863281 0.02427815
0.00000000 104.59303284 0.02406664
0.00000000 105.03249359 0.02391018
0.00000000 105.41703796 0.02410458
0.00000000 105.74662781 0.02497800
0.00000000 105.96636963 0.02598956
0.00000000 106.13117218 0.02712503
0.00000000 106.29596710 0.02843338
0.00000000 106.40583038 0.02963107
0.00000000 106.51570892 0.03116897
0.00000000 106.57063293 0.03262665
0.00000000 106.68051147 0.03432088
0.00000000 106.73544312 0.03603965
0.00000000 106.84529877 0.03871487
0.00000000 106.90023804 0.04176989
0.00000000 106.95516968 0.04527489
0.00000000 106.95516968 0.04829692
0.00000000 107.01009369 0.05124868
0.00000000 107.06503296 0.05383391
0.00000000 107.11997223 0.05600205
0.00000000 107.17490387 0.05781081
0.00000000 107.22982788 0.05952251
0.00000000 107.28476715 0.06092208
0.00000000 107.33970642 0.06230414
0.00000000 107.39463806 0.06313185
0.00000000 107.50450134 0.06384749
0.00000000 107.61437225 0.06405125
0.00000000 107.72424316 0.06459544
0.00000000 107.88903809 0.06449922
0.00000000 108.05383301 0.06442839
0.00000000 108.27356720 0.06345580
0.00000000 108.60316467 0.06203601
0.00000000 108.93277740 0.06019190
0.00000000 109.37223816 0.05787400
0.00000000 109.81170654 0.05591255
0.00000000 110.19623566 0.05422344
0.00000000 110.52584076 0.05222335
0.00000000 110.91036224 0.05048579
0.00000000 111.29489899 0.04820053
0.00000000 111.73436737 0.04605456
0.00000000 112.17383575 0.04372040
0.00000000 112.72316742 0.04159009
0.00000000 113.21757507 0.03879195
0.00000000 113.87676239 0.03516521
0.00000000 114.53596497 0.03091382
0.00000000 115.19516754 0.02743930
0.00000000 115.79943085 0.02482482
0.00000000 116.34877014 0.02341294
0.00000000 116.89810181 0.02286816
0.00000000 117.28263092 0.02247346
0.00000000 117.66717529 0.02238790
0.00000000 118.16156006 0.02199442
0.00000000 118.60103607 0.02123774
0.00000000 119.09543610 0.01975426
0.00000000 119.64476013 0.01827091
0.00000000 120.19409943 0.01701303
0.00000000 120.68850708 0.01605019
0.00000000 121.23783112 0.01570479
0.00000000 121.67729950 0.01621445
0.00000000 122.17169952 0.01754470
0.00000000 122.50130463 0.01925995
0.00000000 122.77595520 0.02125896
0.00000000 123.05062866 0.02272671
0.00000000 123.38023376 0.02319423
0.00000000 123.70983887 0.02334204
0.00000000 124.14930725 0.02245848
0.00000000 124.64369965 0.02142493
0.00000000 125.19303894 0.02072072
0.00000000 125.74236298 0.02062731
0.00000000 126.12689209 0.02113014
0.00000000 126.51142883 0.02163639
0.00000000 126.84103394 0.02233569
0.00000000 127.17062378 0.02337094
0.00000000 127.50022888 0.02424152
0.00000000 127.77490234 0.02525692
0.00000000 127.99462891 0.02583372
0.00000000 128.26930237 0.02621746
0.00000000 128.59890747 0.02590262
0.00000000 128.98342896 0.02523347
0.00000000 129.42291260 0.02412179
0.00000000 130.02716064 0.02286371
0.00000000 130.52156067 0.02241006
0.00000000 130.96102905 0.02224768
0.00000000 131.45542908 0.02249588
0.00000000 131.78503418 0.02243009
0.00000000 132.11462402 0.02323973
0.00000000 132.44422913 0.02403685
0.00000000 132.66397095 0.02489981
0.00000000 132.93862915 0.02545797
0.00000000 133.15835571 0.02583545
0.00000000 133.37809753 0.02634413
0.00000000 133.65275574 0.02639774
0.00000000 133.92742920 0.02624428
0.00000000 134.36689758 0.02569028
0.00000000 134.91622925 0.02510664
0.00000000 135.41062927 0.02524742
0.00000000 135.85009766 0.02545953
0.00000000 136.28955078 0.02553709
0.00000000 136.61915588 0.02542507
0.00000000 136.94877625 0.02549156
0.00000000 137.22341919 0.02569314
0.00000000 137.49809265 0.02546253
0.00000000 137.71781921 0.02597523
0.00000000 137.93757629 0.02640611
0.00000000 138.15728760 0.02693316
0.00000000 138.43196106 0.02738861
0.00000000 138.65168762 0.02796993
0.00000000 138.98129272 0.02814386
0.00000000 139.25596619 0.02839974
0.00000000 139.69541931 0.02826938
0.00000000 140.13488770 0.02776839
0.00000000 140.57437134 0.02749905
0.00000000 140.95889282 0.02704135
0.00000000 141.39836121 0.02672368
0.00000000 141.78289795 0.02666029
0.00000000 142.11248779 0.02662756
0.00000000 142.44209290 0.02654291
0.00000000 142.77168274 0.02650755
0.00000000 142.99142456 0.02680985
0.00000000 143.21116638 0.02665265
0.00000000 143.43087769 0.02692373
0.00000000 143.70556641 0.02746912
0.00000000 143.92529297 0.02785644
0.00000000 144.19995117 0.02828041
0.00000000 144.58448792 0.02820084
0.00000000 144.96902466 0.02799357
0.00000000 145.40847778 0.02784687
0.00000000 145.95782471 0.02755544
0.00000000 146.39727783 0.02697079
0.00000000 146.83674622 0.02686577
0.00000000 147.27622986 0.02658582
0.00000000 147.60581970 0.02676988
0.00000000 147.99035645 0.02719891
0.00000000 148.21008301 0.02757926
0.00000000 148.42982483 0.02805892
0.00000000 148.70448303 0.02837907
0.00000000 148.92422485 0.02847178
0.00000000 149.19889832 0.02803675
0.00000000 149.58341980 0.02756829
0.00000000 149.96795654 0.02686315
0.00000000 150.46234131 0.02624413
0.00000000 150.90182495 0.02551482
0.00000000 151.34129333 0.02531355
0.00000000 151.72581482 0.02515728
0.00000000 152.05541992 0.02522648
0.00000000 152.43995667 0.02517132
0.00000000 152.71461487 0.02549396
0.00000000 152.98928833 0.02559920
0.00000000 153.20903015 0.02612672
0.00000000 153.42875671 0.02677264
0.00000000 153.64849854 0.02749249
0.00000000 153.86820984 0.02817094
0.00000000 154.08796692 0.02875338
0.00000000 154.41755676 0.02911604
0.00000000 154.85700989 0.02892276
0.00000000 155.29647827 0.02905205
0.00000000 155.73594666 0.02879166
0.00000000 156.17541504 0.02872427
0.00000000 156.55995178 0.02859745
0.00000000 156.94448853 0.02856365
0.00000000 157.27407837 0.02853720
0.00000000 157.54876709 0.02885778
0.00000000 157.82342529 0.02911182
0.00000000 158.04316711 0.02945676
0.00000000 158.20794678 0.02985812
0.00000000 158.37274170 0.03106670
0.00000000 158.53755188 0.03234454
0.00000000 158.64743042 0.03376452
0.00000000 158.81221008 0.03531932
0.00000000 158.97702026 0.03726116
0.00000000 159.08688354 0.03953890
0.00000000 159.25167847 0.04182602
0.00000000 159.41647339 0.04367548
0.00000000 159.63621521 0.04498774
0.00000000 159.91088867 0.04588798
0.00000000 160.18556213 0.04630954
0.00000000 160.51515198 0.04647495
0.00000000 160.78981018 0.04686707
0.00000000 161.00953674 0.04750888
0.00000000 161.17434692 0.04836392
0.00000000 161.33915710 0.04912248
0.00000000 161.50396729 0.05008871
0.00000000 161.55889893 0.05113439
0.00000000 161.66874695 0.05249812
0.00000000 161.72369385 0.05400228
0.00000000 161.77862549 0.05540708
0.00000000 161.83355713 0.05650989
0.00000000 161.94342041 0.05770078
0.00000000 161.99835205 0.05934827
0.00000000 162.05326843 0.06124221
0.00000000 162.10821533 0.06314334
0.00000000 162.21807861 0.06512179
0.00000000 162.32794189 0.06658556
0.00000000 162.49275208 0.06721360
0.00000000 162.71247864 0.06763870
0.00000000 162.87728882 0.06799344
0.00000000 163.04208374 0.06782408
0.00000000 163.20687866 0.06770860
0.00000000 163.37170410 0.06799827
0.00000000 163.53649902 0.06838168
0.00000000 163.64634705 0.06857885
0.00000000 163.81114197 0.06877105
0.00000000 163.97595215 0.06887854
0.00000000 164.25062561 0.06830359
0.00000000 164.52528381 0.06745807
0.00000000 164.90982056 0.06534505
0.00000000 165.45915222 0.06192110
0.00000000 166.06341553 0.05770894
0.00000000 166.83248901 0.05326132
0.00000000 167.49168396 0.04936707
0.00000000 168.15087891 0.04591902
0.00000000 168.70021057 0.04370949
0.00000000 169.19462585 0.04205408
0.00000000 169.57914734 0.03990781
0.00000000 169.96368408 0.03773666
0.00000000 170.51301575 0.03485742
0.00000000 171.06236267 0.03180718
0.00000000 171.55673218 0.02910738
0.00000000 172.16102600 0.02720194
0.00000000 172.60047913 0.02585384
0.00000000 173.03996277 0.02531062
0.00000000 173.42448425 0.02587731
0.00000000 173.75407410 0.02768859
0.00000000 173.97380066 0.03008955
0.00000000 174.24847412 0.03231516
0.00000000 174.46821594 0.03452851
0.00000000 174.74288940 0.03600907
0.00000000 175.07247925 0.03641180
0.00000000 175.51194763 0.03611253
0.00000000 176.00636292 0.03536735
0.00000000 176.72047424 0.03481984
0.00000000 177.21487427 0.03525343
0.00000000 177.54446411 0.03592609
0.00000000 177.92901611 0.03645398
0.00000000 178.31353760 0.03705159
0.00000000 178.64314270 0.03769983
0.00000000 178.91781616 0.03831256
0.00000000 179.13754272 0.03911264
0.00000000 179.35728455 0.03946654
0.00000000 179.52209473 0.04011773
0.00000000 179.74182129 0.04037333
0.00000000 180.07142639 0.04017971
0.00000000 180.45596313 0.03941812
0.00000000 180.89543152 0.03864618
0.00000000 181.38981628 0.03759871
0.00000000 181.88421631 0.03688649
0.00000000 182.32368469 0.03631747
0.00000000 182.76313782 0.03599573
0.00000000 183.09274292 0.03588767
0.00000000 183.42233276 0.03575673
0.00000000 183.69702148 0.03586613
0.00000000 183.91676331 0.03634146
0.00000000 184.13648987 0.03727194
0.00000000 184.30128479 0.03780258
0.00000000 184.52101135 0.03842015
0.00000000 184.68580627 0.03901370
0.00000000 184.90553284 0.03948928
0.00000000 185.18020630 0.04024966
0.00000000 185.50981140 0.04065075
0.00000000 185.89433289 0.04053133
0.00000000 186.38873291 0.03970779
0.00000000 186.88313293 0.03916996
0.00000000 187.37756348 0.03825798
0.00000000 187.87196350 0.03753785
0.00000000 188.25648499 0.03671173
0.00000000 188.64102173 0.03621650
0.00000000 188.97061157 0.03573558
0.00000000 189.24528503 0.03566892
0.00000000 189.46501160 0.03544937
0.00000000 189.68475342 0.03552313
0.00000000 190.01434326 0.03535045
0.00000000 190.34393311 0.03483177
0.00000000 190.67355347 0.03432838
0.00000000 191.05809021 0.03332071
0.00000000 191.49755859 0.03258009
0.00000000 191.93701172 0.03232539
0.00000000 192.32154846 0.03276660
0.00000000 192.70610046 0.03311664
0.00000000 192.98074341 0.03377789
0.00000000 193.25540161 0.03466167
0.00000000 193.58502197 0.03518035
0.00000000 193.80473328 0.03602108
0.00000000 194.02449036 0.03653618
0.00000000 194.24420166 0.03729084
0.00000000 194.40901184 0.03873441
0.00000000 194.57379150 0.03971200
0.00000000 194.73860168 0.04070080
0.00000000 194.90341187 0.04215708
0.00000000 195.12313843 0.04330757
0.00000000 195.34288025 0.04465126
0.00000000 195.67247009 0.04541664
0.00000000 196.11193848 0.04500042
0.00000000 196.55139160 0.04416602
0.00000000 196.99085999 0.04329548
0.00000000 197.43034363 0.04239571
0.00000000 197.75993347 0.04160370
0.00000000 198.14447021 0.04095910
0.00000000 198.41915894 0.04065190
0.00000000 198.69380188 0.04028846
0.00000000 199.18821716 0.03981328
0.00000000 199.51780701 0.04001904
0.00000000 199.73754883 0.04026569
0.00000000 199.90232849 0.04082284
0.00000000 200.12207031 0.04132516
0.00000000 200.34181213 0.04192173
0.00000000 200.61647034 0.04207760
0.00000000 200.89112854 0.04218163
0.00000000 201.55033875 0.04158083
0.00000000 201.98980713 0.04070779
0.00000000 202.48420715 0.04005849
0.00000000 202.92367554 0.03986894
0.00000000 203.25329590 0.03970424
0.00000000 203.52793884 0.03986161
0.00000000 203.74768066 0.04064063
0.00000000 203.85752869 0.04175972
0.00000000 203.91246033 0.04295289
0.00000000 203.96739197 0.04448357
0.00000000 204.07727051 0.04608556
0.00000000 204.07727051 0.04795259
0.00000000 204.13221741 0.04988499
0.00000000 204.18714905 0.05214247
0.00000000 204.18714905 0.05465742
0.00000000 204.18714905 0.05787544
0.00000000 204.18714905 0.06117451
0.00000000 204.24208069 0.06458902
0.00000000 204.24208069 0.06758519
0.00000000 204.24208069 0.07023885
0.00000000 204.29699707 0.07265475
0.00000000 204.29699707 0.07445045
0.00000000 204.35192871 0.07561609
0.00000000 204.40687561 0.07667040
0.00000000 204.40687561 0.07760430
0.00000000 204.46180725 0.07849422
0.00000000 204.51673889 0.07953930
0.00000000 204.57168579 0.08046797
0.00000000 204.57168579 0.08132558
0.00000000 204.57168579 0.08188983
0.00000000 204.62661743 0.08261928
0.00000000 204.62661743 0.08356120
0.00000000 204.68154907 0.08444062
0.00000000 204.68154907 0.08551227
0.00000000 204.73648071 0.08641636
0.00000000 204.79139709 0.08749972
0.00000000 204.79139709 0.08828187
0.00000000 204.84635925 0.08928858
0.00000000 204.90127563 0.09042538
0.00000000 204.90127563 0.09135970
0.00000000 204.95620728 0.09231812
0.00000000 205.01113892 0.09318773
0.00000000 205.06607056 0.09386855
0.00000000 205.12100220 0.09444882
0.00000000 205.17591858 0.09513892
0.00000000 205.28579712 0.09555175
0.00000000 205.34072876 0.09554147
0.00000000 205.45060730 0.09527975
0.00000000 205.67034912 0.09492312
0.00000000 205.83512878 0.09437313
0.00000000 206.05488586 0.09328514
0.00000000 206.38446045 0.09155907
0.00000000 206.71405029 0.08937077
0.00000000 207.09858704 0.08719495
0.00000000 207.59298706 0.08488706
0.00000000 208.03247070 0.08260645
0.00000000 208.41699219 0.08032116
0.00000000 208.80152893 0.07810672
0.00000000 209.18606567 0.07608657
0.00000000 209.51567078 0.07429569
0.00000000 209.79032898 0.07337464
0.00000000 210.22979736 0.07169639
0.00000000 210.66926575 0.06997717
0.00000000 211.10873413 0.06740738
0.00000000 211.82287598 0.06362004
0.00000000 212.53701782 0.05929189
0.00000000 213.25112915 0.05561196
0.00000000 213.91033936 0.05286701
0.00000000 214.67941284 0.05142740
0.00000000 215.06393433 0.05088685
0.00000000 215.39355469 0.05044859
0.00000000 215.66819763 0.05088445
0.00000000 215.94285583 0.05137308
0.00000000 216.43728638 0.05070011
0.00000000 216.87672424 0.04882473
0.00000000 217.37112427 0.04712626
0.00000000 217.92048645 0.04571778
0.00000000 218.35992432 0.04501786
0.00000000 218.74447632 0.04477886
0.00000000 219.12901306 0.04543974
0.00000000 219.51354980 0.04661279
0.00000000 219.84315491 0.04818283
0.00000000 220.11779785 0.04975744
0.00000000 220.39247131 0.05117101
0.00000000 220.61219788 0.05214593
0.00000000 220.88687134 0.05258701
0.00000000 221.16154480 0.05243340
0.00000000 221.54606628 0.05140290
0.00000000 222.09539795 0.05000710
0.00000000 222.58979797 0.04878588
0.00000000 223.19406128 0.04814732
0.00000000 223.90821838 0.04777592
0.00000000 224.29273987 0.04726137
0.00000000 224.67726135 0.04671175
0.00000000 225.11674500 0.04675310
0.00000000 225.33645630 0.04713656
0.00000000 225.55621338 0.04791657
0.00000000 225.72099304 0.04831992
0.00000000 226.05058289 0.04825999
0.00000000 226.49008179 0.04741863
0.00000000 226.87460327 0.04584745
0.00000000 227.47885132 0.04391709
0.00000000 227.91833496 0.04276500
0.00000000 228.41275024 0.04225637
0.00000000 228.79727173 0.04254633
0.00000000 229.12686157 0.04299777
0.00000000 229.45645142 0.04348338
0.00000000 229.78605652 0.04397593
0.00000000 230.00581360 0.04503419
0.00000000 230.17059326 0.04594655
0.00000000 230.33537292 0.04686244
0.00000000 230.55511475 0.04763748
0.00000000 230.66497803 0.04837597
0.00000000 230.82981873 0.04943492
0.00000000 230.99459839 0.05077439
0.00000000 231.15939331 0.05184690
0.00000000 231.43405151 0.05296944
0.00000000 231.70874023 0.05405175
0.00000000 232.03833008 0.05426495
0.00000000 232.42285156 0.05392288
0.00000000 232.80740356 0.05321376
0.00000000 233.19192505 0.05219776
0.00000000 233.57646179 0.05141071
0.00000000 233.85112000 0.05078265
0.00000000 234.12579346 0.05013013
0.00000000 234.40045166 0.04962739
0.00000000 234.67512512 0.04905989
0.00000000 235.11460876 0.04851954
0.00000000 235.33435059 0.04872920
0.00000000 235.49913025 0.04894502
0.00000000 235.66394043 0.04976827
0.00000000 235.82872009 0.05111457
0.00000000 235.99353027 0.05224760
0.00000000 236.15834045 0.05346235
0.00000000 236.32312012 0.05482575
0.00000000 236.54286194 0.05611484
0.00000000 236.87246704 0.05690416
0.00000000 237.20207214 0.05652053
0.00000000 237.64151001 0.05556920
0.00000000 238.19087219 0.05458107
0.00000000 238.63034058 0.05383828
0.00000000 239.06979370 0.05324700
0.00000000 239.34445190 0.05302750
0.00000000 239.61914062 0.05230315
0.00000000 239.83886719 0.05176073
0.00000000 240.11354065 0.05144742
0.00000000 240.33325195 0.05093559
0.00000000 240.55300903 0.05087141
0.00000000 240.71778870 0.05170586
0.00000000 240.88258362 0.05254449
0.00000000 241.04737854 0.05302729
0.00000000 241.26713562 0.05364259
0.00000000 241.48687744 0.05469930
0.00000000 241.70658875 0.05580172
0.00000000 242.03617859 0.05628702
0.00000000 242.47566223 0.05611276
0.00000000 242.91510010 0.05527237
0.00000000 243.29966736 0.05415560
0.00000000 243.73912048 0.05300292
0.00000000 244.12365723 0.05241696
0.00000000 244.39833069 0.05223506
0.00000000 244.72792053 0.05215276
0.00000000 244.94764709 0.05267382
0.00000000 245.05752563 0.05319842
0.00000000 245.16738892 0.05387065
0.00000000 245.27725220 0.05503421
0.00000000 245.33216858 0.05644756
0.00000000 245.38713074 0.05781677
0.00000000 245.55191040 0.05941807
0.00000000 245.60684204 0.06110812
0.00000000 245.66180420 0.06349771
0.00000000 245.77166748 0.06584667
0.00000000 245.82661438 0.06824794
0.00000000 245.88154602 0.07115342
0.00000000 245.93647766 0.07391971
0.00000000 245.99140930 0.07601263
0.00000000 246.04632568 0.07802364
0.00000000 246.04632568 0.07986782
0.00000000 246.10125732 0.08136643
0.00000000 246.15618896 0.08241740
0.00000000 246.21113586 0.08340156
0.00000000 246.26606750 0.08387135
0.00000000 246.37593079 0.08401299
0.00000000 246.54072571 0.08373201
0.00000000 246.81539917 0.08297952
0.00000000 247.14498901 0.08189918
0.00000000 247.52955627 0.07948440
0.00000000 248.02392578 0.07684325
0.00000000 248.62818909 0.07404967
0.00000000 249.12258911 0.07190306
0.00000000 249.45219421 0.07013821
0.00000000 249.78176880 0.06836726
0.00000000 250.05647278 0.06701039
0.00000000 250.33114624 0.06554666
0.00000000 250.66072083 0.06401231
0.00000000 250.99032593 0.06362571
0.00000000 251.21006775 0.06338446
0.00000000 251.37484741 0.06362923
0.00000000 251.59458923 0.06382115
0.00000000 251.75936890 0.06450424
0.00000000 251.92422485 0.06509446
0.00000000 252.19886780 0.06550864
0.00000000 252.52845764 0.06566252
0.00000000 252.96792603 0.06524368
0.00000000 253.57220459 0.06453058
0.00000000 253.95672607 0.06353623
0.00000000 254.39617920 0.06276476
0.00000000 254.67086792 0.06225774
0.00000000 255.05538940 0.06152691
0.00000000 255.33006287 0.06129111
0.00000000 255.60473633 0.06113341
0.00000000 255.82444763 0.06160125
0.00000000 255.98925781 0.06197703
0.00000000 256.09912109 0.06301310
0.00000000 256.20901489 0.06395742
0.00000000 256.31887817 0.06487531
0.00000000 256.42874146 0.06606390
0.00000000 256.59353638 0.06775189
0.00000000 256.75833130 0.06916383
0.00000000 256.97805786 0.07052661
0.00000000 257.19781494 0.07178511
0.00000000 257.47244263 0.07211260
0.00000000 257.91189575 0.07113804
0.00000000 258.46124268 0.06967766
0.00000000 258.84582520 0.06841444
0.00000000 259.28527832 0.06693845
0.00000000 259.61486816 0.06601601
0.00000000 259.88952637 0.06518675
0.00000000 260.21911621 0.06388557
0.00000000 260.49377441 0.06259322
0.00000000 260.76846313 0.06203052
0.00000000 261.04312134 0.06200138
0.00000000 261.20791626 0.06221474
0.00000000 261.31777954 0.06261394
0.00000000 261.42764282 0.06356560
0.00000000 261.53753662 0.06450777
0.00000000 261.70233154 0.06582173
0.00000000 261.81219482 0.06748269
0.00000000 262.08685303 0.06956606
0.00000000 262.25164795 0.07084193
0.00000000 262.47140503 0.07209352
0.00000000 262.74603271 0.07248890
0.00000000 263.13055420 0.07159248
0.00000000 263.46020508 0.07068362
0.00000000 264.00949097 0.07042477
0.00000000 264.28417969 0.07068907
0.00000000 264.39404297 0.07146009
0.00000000 264.50393677 0.07226717
0.00000000 264.55886841 0.07324613
0.00000000 264.72363281 0.07378110
0.00000000 264.83349609 0.07426680
0.00000000 264.88845825 0.07459743
0.00000000 264.94338989 0.07553496
0.00000000 265.05328369 0.07620323
0.00000000 265.10821533 0.07713591
0.00000000 265.27297974 0.07807097
0.00000000 265.38287354 0.07907822
0.00000000 265.49273682 0.08044179
0.00000000 265.65750122 0.08183500
0.00000000 265.82232666 0.08318957
0.00000000 265.93218994 0.08386051
0.00000000 266.04205322 0.08448075
0.00000000 266.09698486 0.08537655
0.00000000 266.15194702 0.08599084
0.00000000 266.20684814 0.08686925
0.00000000 266.26177979 0.08791937
0.00000000 266.31671143 0.08906636
0.00000000 266.37164307 0.08968896
0.00000000 266.42657471 0.09050437
0.00000000 266.53646851 0.09106826
0.00000000 266.70123291 0.09118361
0.00000000 266.86605835 0.09168738
0.00000000 267.08581543 0.09208793
0.00000000 267.30551147 0.09190720
0.00000000 267.52523804 0.09145311
0.00000000 268.07458496 0.08971235
0.00000000 268.51403809 0.08759706
0.00000000 268.95352173 0.08503985
0.00000000 269.39300537 0.08276138
0.00000000 269.83245850 0.08051375
0.00000000 270.16204834 0.07876373
0.00000000 270.43673706 0.07697060
0.00000000 270.71139526 0.07571410
0.00000000 270.93109131 0.07500164
0.00000000 271.09591675 0.07488440
0.00000000 271.26074219 0.07527211
0.00000000 271.42553711 0.07550949
0.00000000 271.59033203 0.07607925
0.00000000 271.75512695 0.07710572
0.00000000 271.86499023 0.07831248
0.00000000 271.97485352 0.08016202
0.00000000 272.02978516 0.08263736
0.00000000 272.13964844 0.08486319
0.00000000 272.30447388 0.08618959
0.00000000 272.52416992 0.08687447
0.00000000 272.74392700 0.08688455
0.00000000 273.12844849 0.08595831
0.00000000 273.56790161 0.08378338
0.00000000 274.11724854 0.08171707
0.00000000 274.55670166 0.07981967
0.00000000 274.94125366 0.07781178
0.00000000 275.32577515 0.07622438
0.00000000 275.65539551 0.07494719
0.00000000 275.98498535 0.07326677
0.00000000 276.31457520 0.07184575
0.00000000 276.64419556 0.07113525
0.00000000 276.91885376 0.07105269
0.00000000 277.08364868 0.07093206
0.00000000 277.24844360 0.07096570
0.00000000 277.52313232 0.07124391
0.00000000 277.79776001 0.07143110
0.00000000 278.07241821 0.07151628
0.00000000 278.45700073 0.07151570
0.00000000 278.84152222 0.07122731
0.00000000 279.28097534 0.07101640
0.00000000 279.66549683 0.07106206
0.00000000 280.05007935 0.07087834
0.00000000 280.26977539 0.07093388
0.00000000 280.43460083 0.07165527
0.00000000 280.59936523 0.07254151
0.00000000 280.87405396 0.07316604
0.00000000 281.03884888 0.07326906
0.00000000 281.20364380 0.07340352
0.00000000 281.36843872 0.07405163
0.00000000 281.47830200 0.07505176
0.00000000 281.58816528 0.07643191
0.00000000 281.64309692 0.07833256
0.00000000 281.69805908 0.08027206
0.00000000 281.75299072 0.08266830
0.00000000 281.75299072 0.08521983
0.00000000 281.80792236 0.08744295
0.00000000 281.91778564 0.08917744
0.00000000 281.97271729 0.09116978
0.00000000 281.97271729 0.09276643
0.00000000 282.02764893 0.09406982
0.00000000 282.08258057 0.09550491
0.00000000 282.13751221 0.09678333
0.00000000 282.24737549 0.09793124
0.00000000 282.30230713 0.09879923
0.00000000 282.41217041 0.09915271
0.00000000 282.57699585 0.09919478
0.00000000 282.74179077 0.09876626
0.00000000 282.96151733 0.09763546
0.00000000 283.40097046 0.09568234
0.00000000 283.78552246 0.09308724
0.00000000 284.33486938 0.09045391
0.00000000 284.82925415 0.08794545
0.00000000 285.15884399 0.08581172
0.00000000 285.48843384 0.08420283
0.00000000 285.81805420 0.08273921
0.00000000 286.09271240 0.08128727
0.00000000 286.42233276 0.08004509
0.00000000 286.69696045 0.07924820
0.00000000 286.86175537 0.07901876
0.00000000 287.02661133 0.07933899
0.00000000 287.13644409 0.07984520
0.00000000 287.24633789 0.08052205
0.00000000 287.35620117 0.08127853
0.00000000 287.46603394 0.08290538
0.00000000 287.63085938 0.08443218
0.00000000 287.79565430 0.08581879
0.00000000 288.01538086 0.08690483
0.00000000 288.29003906 0.08765861
0.00000000 288.61962891 0.08688009
0.00000000 289.05911255 0.08571926
0.00000000 289.49856567 0.08458824
0.00000000 289.93804932 0.08354899
0.00000000 290.26763916 0.08289826
0.00000000 290.54232788 0.08211936
0.00000000 290.76202393 0.08143251
0.00000000 290.98178101 0.08075928
0.00000000 291.25643921 0.08028731
0.00000000 291.47619629 0.08000488
0.00000000 291.69592285 0.07970548
0.00000000 291.86071777 0.07990044
0.00000000 291.97058105 0.08077483
0.00000000 292.08044434 0.08165123
0.00000000 292.13537598 0.08249364
0.00000000 292.24526978 0.08408288
0.00000000 292.35510254 0.08586559
0.00000000 292.46496582 0.08745192
0.00000000 292.57485962 0.08949528
0.00000000 292.68469238 0.09060577
0.00000000 292.84948730 0.09111319
0.00000000 293.01431274 0.09161295
0.00000000 293.23406982 0.09196417
0.00000000 293.61859131 0.09147425
0.00000000 293.94818115 0.09022611
0.00000000 294.38763428 0.08864497
0.00000000 294.77215576 0.08700711
0.00000000 295.04684448 0.08624328
0.00000000 295.32150269 0.08557716
0.00000000 295.54122925 0.08533340
0.00000000 295.70602417 0.08521005
0.00000000 295.87084961 0.08513615
0.00000000 296.03564453 0.08511299
0.00000000 296.20043945 0.08477353
0.00000000 296.42016602 0.08442122
0.00000000 296.58496094 0.08447527
0.00000000 296.74978638 0.08497835
0.00000000 296.85964966 0.08574290
0.00000000 296.96951294 0.08694535
0.00000000 297.02444458 0.08890302
0.00000000 297.07937622 0.09108298
0.00000000 297.13430786 0.09310065
0.00000000 297.18923950 0.09469566
0.00000000 297.24417114 0.09623846
0.00000000 297.29910278 0.09738687
0.00000000 297.40896606 0.09851762
0.00000000 297.51885986 0.09947611
0.00000000 297.57379150 0.10040103
0.00000000 297.62872314 0.10152233
0.00000000 297.73858643 0.10268249
0.00000000 297.79351807 0.10378886
0.00000000 297.90338135 0.10463901
0.00000000 297.95831299 0.10525200
0.00000000 298.12310791 0.10531136
0.00000000 298.28790283 0.10517905
0.00000000 298.50765991 0.10463443
0.00000000 298.78231812 0.10309225
0.00000000 299.22177124 0.10100235
0.00000000 299.66125488 0.09881841
0.00000000 299.99084473 0.09706623
0.00000000 300.21057129 0.09559634
0.00000000 300.48522949 0.09451936
0.00000000 300.70498657 0.09373385
0.00000000 300.86975098 0.09339990
0.00000000 300.97961426 0.09337131
0.00000000 301.14443970 0.09309644
0.00000000 301.30923462 0.09259451
0.00000000 301.52896118 0.09216020
0.00000000 301.74868774 0.09217190
0.00000000 301.91354370 0.09239633
0.00000000 302.07830811 0.09309856
0.00000000 302.18817139 0.09426501
0.00000000 302.24313354 0.09631900
0.00000000 302.35299683 0.09885196
0.00000000 302.40792847 0.10073277
0.00000000 302.46282959 0.10242248
0.00000000 302.51776123 0.10387700
0.00000000 302.57269287 0.10525311
0.00000000 302.62765503 0.10661210
0.00000000 302.68258667 0.10734779
0.00000000 302.73751831 0.10827737
0.00000000 302.73751831 0.10934327
0.00000000 302.79244995 0.11022387
0.00000000 302.95724487 0.11111509
0.00000000 303.01217651 0.11162927
0.00000000 303.12203979 0.11190159
0.00000000 303.28683472 0.11171906
0.00000000 303.45162964 0.11159188
0.00000000 303.61642456 0.11107643
0.00000000 303.89114380 0.10984961
0.00000000 304.27566528 0.10829637
0.00000000 304.60525513 0.10628997
0.00000000 304.93484497 0.10463662
0.00000000 305.31936646 0.10335728
0.00000000 305.59405518 0.10246255
0.00000000 305.75881958 0.10202618
0.00000000 305.97857666 0.10171747
0.00000000 306.14334106 0.10144352
0.00000000 306.30819702 0.10100822
0.00000000 306.58285522 0.10040966
0.00000000 306.74765015 0.09993251
0.00000000 306.96737671 0.09981456
0.00000000 307.13217163 0.09988859
0.00000000 307.29699707 0.10025746
0.00000000 307.35189819 0.10134131
0.00000000 307.40682983 0.10260674
0.00000000 307.46176147 0.10438678
0.00000000 307.51672363 0.10605539
0.00000000 307.57165527 0.10794847
0.00000000 307.62658691 0.10905778
0.00000000 307.68151855 0.10986175
0.00000000 307.73641968 0.11100758
0.00000000 307.79135132 0.11166190
0.00000000 307.84628296 0.11274612
0.00000000 307.95617676 0.11369856
0.00000000 308.12100220 0.11429643
0.00000000 308.23086548 0.11470611
0.00000000 308.39566040 0.11474233
0.00000000 308.61538696 0.11387391
0.00000000 309.05484009 0.11203143
0.00000000 309.43936157 0.10981090
0.00000000 309.82391357 0.10756774
0.00000000 310.20843506 0.10544237
0.00000000 310.48309326 0.10368197
0.00000000 310.70285034 0.10257650
0.00000000 310.86764526 0.10185144
0.00000000 311.14230347 0.10157289
0.00000000 311.25216675 0.10133360
0.00000000 311.36203003 0.10124917
0.00000000 311.52682495 0.10073183
0.00000000 311.74658203 0.09999332
0.00000000 312.02124023 0.09987059
0.00000000 312.18603516 0.10023587
0.00000000 312.29589844 0.10119408
0.00000000 312.40576172 0.10301614
0.00000000 312.46072388 0.10487028
0.00000000 312.51565552 0.10696532
0.00000000 312.57058716 0.10916339
0.00000000 312.62551880 0.11118691
0.00000000 312.68045044 0.11247060
0.00000000 312.73538208 0.11371069
0.00000000 312.79031372 0.11508810
0.00000000 312.84524536 0.11583650
0.00000000 312.90017700 0.11631286
0.00000000 312.95510864 0.11723785
0.00000000 313.01004028 0.11808033
0.00000000 313.06497192 0.11894043
0.00000000 313.17483521 0.11995760
0.00000000 313.22976685 0.12052005
0.00000000 313.33966064 0.12054525
0.00000000 313.44952393 0.12041914
0.00000000 313.61431885 0.12006199
0.00000000 313.83404541 0.11897840
0.00000000 314.05377197 0.11729857
0.00000000 314.38336182 0.11520384
0.00000000 314.82284546 0.11295226
0.00000000 315.20736694 0.11078576
0.00000000 315.53695679 0.10928539
0.00000000 315.75671387 0.10847453
0.00000000 315.92147827 0.10840774
0.00000000 315.97644043 0.10888493
0.00000000 316.03137207 0.10961621
0.00000000 316.08633423 0.10978715
0.00000000 316.14123535 0.11052851
0.00000000 316.19616699 0.11145433
0.00000000 316.25109863 0.11213371
0.00000000 316.30603027 0.11312702
0.00000000 316.36096191 0.11442089
0.00000000 316.47085571 0.11585417
0.00000000 316.58068848 0.11730423
0.00000000 316.69055176 0.11851444
0.00000000 316.85537720 0.11985324
0.00000000 316.96527100 0.12086600
0.00000000 317.07510376 0.12135800
0.00000000 317.18496704 0.12190400
0.00000000 317.23989868 0.12220982
0.00000000 317.29486084 0.12246865
0.00000000 317.34979248 0.12304047
0.00000000 317.40472412 0.12379055
0.00000000 317.40472412 0.12444822
0.00000000 317.45962524 0.12498892
0.00000000 317.45962524 0.12564091
0.00000000 317.51455688 0.12619767
0.00000000 317.51455688 0.12699498
0.00000000 317.56948853 0.12795867
0.00000000 317.62442017 0.12891777
0.00000000 317.62442017 0.12980093
0.00000000 317.62442017 0.13102722
0.00000000 317.67938232 0.13217844
0.00000000 317.67938232 0.13312265
0.00000000 317.67938232 0.13385409
0.00000000 317.67938232 0.13461602
0.00000000 317.67938232 0.13554005
0.00000000 317.67938232 0.13608979
0.00000000 317.73431396 0.13698168
0.00000000 317.73431396 0.13767739
0.00000000 317.73431396 0.13832138
0.00000000 317.78924561 0.13862149
0.00000000 317.78924561 0.13905551
0.00000000 317.84417725 0.13930890
0.00000000 317.89910889 0.13956816
0.00000000 317.89910889 0.13994916
0.00000000 317.95404053 0.14012867
0.00000000 317.95404053 0.14070715
0.00000000 318.00897217 0.14124449
0.00000000 318.00897217 0.14156643
0.00000000 318.06390381 0.14183053
0.00000000 318.11883545 0.14180666
0.00000000 318.17376709 0.14183213
0.00000000 318.22869873 0.14171775
0.00000000 318.33856201 0.14146830
0.00000000 318.44842529 0.14086485
0.00000000 318.55828857 0.14037058
0.00000000 318.66818237 0.13974316
0.00000000 318.88790894 0.13877732
0.00000000 319.10763550 0.13739510
0.00000000 319.60205078 0.13518792
0.00000000 320.04150391 0.13293079
0.00000000 320.37112427 0.13035861
0.00000000 320.70071411 0.12845609
0.00000000 320.92047119 0.12730034
0.00000000 321.14016724 0.12590152
0.00000000 321.30499268 0.12475770
0.00000000 321.57962036 0.12392143
0.00000000 321.79934692 0.12277663
0.00000000 322.01907349 0.12158981
0.00000000 322.23886108 0.12098477
0.00000000 322.45855713 0.12078087
0.00000000 322.62338257 0.12073576
0.00000000 322.73321533 0.12145250
0.00000000 322.84307861 0.12262340
0.00000000 322.89801025 0.12437440
0.00000000 322.95297241 0.12619634
0.00000000 322.95297241 0.12797128
0.00000000 323.00793457 0.12960540
0.00000000 323.06286621 0.13072462
0.00000000 323.11779785 0.13189077
0.00000000 323.17272949 0.13293354
0.00000000 323.22766113 0.13404858
0.00000000 323.28259277 0.13494171
0.00000000 323.33749390 0.13601039
0.00000000 323.39245605 0.13688347
0.00000000 323.44738770 0.13768229
0.00000000 323.50231934 0.13813071
0.00000000 323.55725098 0.13849992
0.00000000 323.66711426 0.13808827
0.00000000 323.94177246 0.13747150
0.00000000 324.16149902 0.13654363
0.00000000 324.38122559 0.13509709
0.00000000 324.76577759 0.13307056
0.00000000 325.26016235 0.13121553
0.00000000 325.58975220 0.12944449
0.00000000 325.86444092 0.12823270
0.00000000 325.97430420 0.12734057
0.00000000 326.08416748 0.12679304
0.00000000 326.19406128 0.12640990
0.00000000 326.30389404 0.12629426
0.00000000 326.41375732 0.12642789
0.00000000 326.52365112 0.12624761
0.00000000 326.63354492 0.12627451
0.00000000 326.74340820 0.12681703
0.00000000 326.79833984 0.12695113
0.00000000 327.01806641 0.12682551
0.00000000 327.18286133 0.12680247
0.00000000 327.34762573 0.12717153
0.00000000 327.45751953 0.12799598
0.00000000 327.56738281 0.12892838
0.00000000 327.62228394 0.13009448
0.00000000 327.67721558 0.13113876
0.00000000 327.73214722 0.13184066
0.00000000 327.73214722 0.13249585
0.00000000 327.78710938 0.13298175
0.00000000 327.78710938 0.13363014
0.00000000 327.84204102 0.13439351
0.00000000 327.89697266 0.13484189
0.00000000 327.95190430 0.13542412
0.00000000 328.00680542 0.13606243
0.00000000 328.00680542 0.13703549
0.00000000 328.06173706 0.13804471
0.00000000 328.06173706 0.13947123
0.00000000 328.11666870 0.14049432
0.00000000 328.11666870 0.14130174
0.00000000 328.17163086 0.14203002
0.00000000 328.22656250 0.14241472
0.00000000 328.22656250 0.14285924
0.00000000 328.22656250 0.14360605
0.00000000 328.28152466 0.14425878
0.00000000 328.33645630 0.14467804
0.00000000 328.33645630 0.14512224
0.00000000 328.39138794 0.14556389
0.00000000 328.44631958 0.14600703
0.00000000 328.50125122 0.14626978
0.00000000 328.55618286 0.14649524
0.00000000 328.66604614 0.14670573
0.00000000 328.72097778 0.14672171
0.00000000 328.83084106 0.14637032
0.00000000 329.05056763 0.14593260
0.00000000 329.21539307 0.14470242
0.00000000 329.43511963 0.14332937
0.00000000 329.70977783 0.14132087
0.00000000 330.03936768 0.13885528
0.00000000 330.36895752 0.13666101
0.00000000 330.69854736 0.13487735
0.00000000 330.91830444 0.13351756
0.00000000 331.08312988 0.13249065
0.00000000 331.24789429 0.13192143
0.00000000 331.41268921 0.13150661
0.00000000 331.46765137 0.13161501
0.00000000 331.52255249 0.13147779
0.00000000 331.63241577 0.13155881
0.00000000 331.74227905 0.13156554
0.00000000 331.85217285 0.13158263
0.00000000 331.96206665 0.13187458
0.00000000 332.12683105 0.13227220
0.00000000 332.29165649 0.13303047
0.00000000 332.40151978 0.13411994
0.00000000 332.56628418 0.13509585
0.00000000 332.67617798 0.13591522
0.00000000 332.78604126 0.13664286
0.00000000 332.84097290 0.13729151
0.00000000 332.89587402 0.13779792
0.00000000 332.95080566 0.13831170
0.00000000 333.00573730 0.13859737
0.00000000 333.06069946 0.13876894
0.00000000 333.11563110 0.13943212
0.00000000 333.11563110 0.14003953
0.00000000 333.11563110 0.14081949
0.00000000 333.11563110 0.14177252
0.00000000 333.11563110 0.14289211
0.00000000 333.17056274 0.14420357
0.00000000 333.17056274 0.14526796
0.00000000 333.17056274 0.14622371
0.00000000 333.17056274 0.14699383
0.00000000 333.22549438 0.14803340
0.00000000 333.22549438 0.14872876
0.00000000 333.22549438 0.14940247
0.00000000 333.28039551 0.14968605
0.00000000 333.33532715 0.14999747
0.00000000 333.33532715 0.15025273
0.00000000 333.39025879 0.15089616
0.00000000 333.39025879 0.15148807
0.00000000 333.44522095 0.15191655
0.00000000 333.44522095 0.15241456
0.00000000 333.44522095 0.15288970
0.00000000 333.44522095 0.15280525
0.00000000 333.50015259 0.15314434
0.00000000 333.50015259 0.15347102
0.00000000 333.50015259 0.15385368
0.00000000 333.55511475 0.15401182
0.00000000 333.55511475 0.15419328
0.00000000 333.61004639 0.15463318
0.00000000 333.61004639 0.15512513
0.00000000 333.61004639 0.15573753
0.00000000 333.66497803 0.15617841
0.00000000 333.66497803 0.15624660
0.00000000 333.66497803 0.15613233
0.00000000 333.71990967 0.15611185
0.00000000 333.71990967 0.15579154
0.00000000 333.77484131 0.15629818
0.00000000 333.82974243 0.15624256
0.00000000 333.88470459 0.15625530
0.00000000 333.93963623 0.15623154
0.00000000 333.99456787 0.15585943
0.00000000 334.10443115 0.15582862
0.00000000 334.15936279 0.15581831
0.00000000 334.26922607 0.15527648
0.00000000 334.43405151 0.15415813
0.00000000 334.65377808 0.15281141
0.00000000 334.87350464 0.15106231
0.00000000 335.20309448 0.14944616
0.00000000 335.47778320 0.14784113
0.00000000 335.69750977 0.14632313
0.00000000 335.91723633 0.14564766
0.00000000 336.02709961 0.14506109
0.00000000 336.13696289 0.14460714
0.00000000 336.19189453 0.14496699
0.00000000 336.24682617 0.14517184
0.00000000 336.24682617 0.14571905
0.00000000 336.30175781 0.14646062
0.00000000 336.35671997 0.14669022
0.00000000 336.41162109 0.14714064
0.00000000 336.41162109 0.14846620
0.00000000 336.46655273 0.14953813
0.00000000 336.52148438 0.15076211
0.00000000 336.52148438 0.15190968
0.00000000 336.57641602 0.15353441
0.00000000 336.57641602 0.15516320
0.00000000 336.57641602 0.15633723
0.00000000 336.63134766 0.15703043
0.00000000 336.63134766 0.15750411
0.00000000 336.68627930 0.15803170
0.00000000 336.74124146 0.15819116
0.00000000 336.79614258 0.15854214
0.00000000 336.79614258 0.15870373
0.00000000 336.85107422 0.15879785
0.00000000 336.90600586 0.15861672
0.00000000 336.96093750 0.15875126
0.00000000 337.01586914 0.15847059
0.00000000 337.07083130 0.15846713
0.00000000 337.18072510 0.15812835
0.00000000 337.29058838 0.15745473
0.00000000 337.40042114 0.15646814
0.00000000 337.51028442 0.15589362
0.00000000 337.56524658 0.15557185
0.00000000 337.67510986 0.15540253
0.00000000 337.73004150 0.15547821
0.00000000 337.78494263 0.15539891
0.00000000 337.83987427 0.15563232
0.00000000 337.89480591 0.15576302
0.00000000 337.94976807 0.15626882
0.00000000 337.94976807 0.15685487
0.00000000 337.94976807 0.15739268
0.00000000 338.00473022 0.15758549
0.00000000 338.00473022 0.15820861
0.00000000 338.05966187 0.15895768
0.00000000 338.05966187 0.15955912
0.00000000 338.05966187 0.16030788
0.00000000 338.11459351 0.16095264
0.00000000 338.16952515 0.16148719
0.00000000 338.16952515 0.16215391
0.00000000 338.16952515 0.16269080
0.00000000 338.16952515 0.16324136
0.00000000 338.22445679 0.16380697
0.00000000 338.22445679 0.16414502
0.00000000 338.22445679 0.16455612
0.00000000 338.22445679 0.16511746
0.00000000 338.22445679 0.16554390
0.00000000 338.22445679 0.16596970
0.00000000 338.27938843 0.16635668
0.00000000 338.27938843 0.16660014
0.00000000 338.27938843 0.16689761
0.00000000 338.33428955 0.16731815
0.00000000 338.33428955 0.16762370
0.00000000 338.33428955 0.16774113
0.00000000 338.33428955 0.16783214
0.00000000 338.33428955 0.16829540
0.00000000 338.38925171 0.16821033
0.00000000 338.38925171 0.16830081
0.00000000 338.38925171 0.16833565
0.00000000 338.44418335 0.16836667
0.00000000 338.44418335 0.16843735
0.00000000 338.49911499 0.16863880
0.00000000 338.49911499 0.16898119
0.00000000 338.49911499 0.16919358
0.00000000 338.49911499 0.16954961
0.00000000 338.55404663 0.16997357
0.00000000 338.55404663 0.17029418
0.00000000 338.60897827 0.17038415
0.00000000 338.60897827 0.17052925
0.00000000 338.66390991 0.17083137
0.00000000 338.66390991 0.17112006
0.00000000 338.66390991 0.17135023
0.00000000 338.71881104 0.17173132
0.00000000 338.71881104 0.17168446
0.00000000 338.77377319 0.17194507
0.00000000 338.77377319 0.17229959
0.00000000 338.82870483 0.17226237
0.00000000 338.82870483 0.17223221
0.00000000 338.88363647 0.17192654
0.00000000 338.99349976 0.17154706
0.00000000 339.04843140 0.17118087
0.00000000 339.15829468 0.17022851
0.00000000 339.32308960 0.16907515
0.00000000 339.48785400 0.16777311
0.00000000 339.70764160 0.16614434
0.00000000 339.98229980 0.16385977
0.00000000 340.25695801 0.16136923
0.00000000 340.64151001 0.15892795
0.00000000 340.97109985 0.15685219
0.00000000 341.19082642 0.15530320
0.00000000 341.41055298 0.15369141
0.00000000 341.68527222 0.15279245
0.00000000 341.79513550 0.15210506
0.00000000 341.85003662 0.15184702
0.00000000 341.90496826 0.15160778
0.00000000 341.95989990 0.15156928
0.00000000 342.06979370 0.15150395
0.00000000 342.17965698 0.15157790
0.00000000 342.34442139 0.15159135
0.00000000 342.50924683 0.15160677
0.00000000 342.67401123 0.15216407
0.00000000 342.78387451 0.15292569
0.00000000 342.89376831 0.15392856
0.00000000 342.94869995 0.15474336
0.00000000 343.00360107 0.15561895
0.00000000 343.05853271 0.15633324
0.00000000 343.11346436 0.15692596
0.00000000 343.16839600 0.15701504
0.00000000 343.22335815 0.15729211
0.00000000 343.27832031 0.15760335
0.00000000 343.33325195 0.15836324
0.00000000 343.38818359 0.15884615
0.00000000 343.38818359 0.15942934
0.00000000 343.44311523 0.16039996
0.00000000 343.44311523 0.16115293
0.00000000 343.44311523 0.16212584
0.00000000 343.44311523 0.16305405
0.00000000 343.49804688 0.16359055
0.00000000 343.49804688 0.16405685
0.00000000 343.49804688 0.16473117
0.00000000 343.49804688 0.16537224
0.00000000 343.49804688 0.16612144
0.00000000 343.49804688 0.16698767
0.00000000 343.49804688 0.16738085
0.00000000 343.49804688 0.16793814
0.00000000 343.49804688 0.16832645
0.00000000 343.49804688 0.16843747
0.00000000 343.55297852 0.16884592
0.00000000 343.55297852 0.16893081
0.00000000 343.55297852 0.16900527
0.00000000 343.55297852 0.16966370
0.00000000 343.55297852 0.17005585
0.00000000 343.55297852 0.17087594
0.00000000 343.60787964 0.17117187
0.00000000 343.60787964 0.17121463
0.00000000 343.60787964 0.17150962
0.00000000 343.60787964 0.17188261
0.00000000 343.60787964 0.17196511
0.00000000 343.60787964 0.17207791
0.00000000 343.60787964 0.17215018
0.00000000 343.60787964 0.17212716
0.00000000 343.66284180 0.17253385
0.00000000 343.66284180 0.17255868
0.00000000 343.66284180 0.17257351
0.00000000 343.66284180 0.17264213
0.00000000 343.66284180 0.17252921
0.00000000 343.66284180 0.17258666
0.00000000 343.66284180 0.17244035
0.00000000 343.71777344 0.17244373
0.00000000 343.71777344 0.17281336
0.00000000 343.71777344 0.17296238
0.00000000 343.77270508 0.17303349
0.00000000 343.77270508 0.17313051
0.00000000 343.82763672 0.17346281
0.00000000 343.82763672 0.17338666
0.00000000 343.88256836 0.17354713
0.00000000 343.88256836 0.17359334
0.00000000 343.93750000 0.17371209
0.00000000 343.93750000 0.17371100
0.00000000 343.99240112 0.17370071
0.00000000 344.04736328 0.17353332
0.00000000 344.10232544 0.17327459
0.00000000 344.21218872 0.17237981
0.00000000 344.32205200 0.17181034
0.00000000 344.54177856 0.17088892
0.00000000 344.70657349 0.16953832
0.00000000 344.92630005 0.16733949
0.00000000 345.36575317 0.16433227
0.00000000 345.75027466 0.16169786
0.00000000 346.13482666 0.15950151
0.00000000 346.35455322 0.15839283
0.00000000 346.51934814 0.15765017
0.00000000 346.57427979 0.15769237
0.00000000 346.57427979 0.15791249
0.00000000 346.57427979 0.15817590
0.00000000 346.57427979 0.15860131
0.00000000 346.57427979 0.15910640
0.00000000 346.62921143 0.15973487
0.00000000 346.62921143 0.16031121
0.00000000 346.62921143 0.16081513
0.00000000 346.62921143 0.16212171
0.00000000 346.68414307 0.16363543
0.00000000 346.68414307 0.16557817
0.00000000 346.68414307 0.16725658
0.00000000 346.73910522 0.16864145
0.00000000 346.73910522 0.16987436
0.00000000 346.79403687 0.17051281
0.00000000 346.79403687 0.17094374
0.00000000 346.84896851 0.17090175
0.00000000 346.84896851 0.17063507
0.00000000 346.90390015 0.17051634
0.00000000 346.95886230 0.17052510
0.00000000 347.01379395 0.17018494
0.00000000 347.06872559 0.17013222
0.00000000 347.12362671 0.16954602
0.00000000 347.28842163 0.16903162
0.00000000 347.39831543 0.16847421
0.00000000 347.50814819 0.16753295
0.00000000 347.61801147 0.16684455
0.00000000 347.72790527 0.16625707
0.00000000 347.78283691 0.16567284
0.00000000 347.89266968 0.16514187
0.00000000 348.00253296 0.16478482
0.00000000 348.11242676 0.16447453
0.00000000 348.16735840 0.16438913
0.00000000 348.22229004 0.16471104
0.00000000 348.27719116 0.16481142
0.00000000 348.33212280 0.16484189
0.00000000 348.33212280 0.16514717
0.00000000 348.33212280 0.16578522
0.00000000 348.38705444 0.16674550
0.00000000 348.38705444 0.16760434
0.00000000 348.38705444 0.16855347
0.00000000 348.38705444 0.16941236
0.00000000 348.38705444 0.17019482
0.00000000 348.38705444 0.17077430
0.00000000 348.38705444 0.17150156
0.00000000 348.38705444 0.17198549
0.00000000 348.44198608 0.17262225
0.00000000 348.44198608 0.17291449
0.00000000 348.44198608 0.17312995
0.00000000 348.44198608 0.17363779
0.00000000 348.44198608 0.17399408
0.00000000 348.44198608 0.17430998
0.00000000 348.44198608 0.17433296
0.00000000 348.44198608 0.17444387
0.00000000 348.44198608 0.17471434
0.00000000 348.44198608 0.17483914
0.00000000 348.44198608 0.17493375
0.00000000 348.44198608 0.17499465
0.00000000 348.44198608 0.17516720
0.00000000 348.49694824 0.17523636
0.00000000 348.49694824 0.17542644
0.00000000 348.49694824 0.17558981
0.00000000 348.49694824 0.17584381
0.00000000 348.49694824 0.17600541
0.00000000 348.49694824 0.17625201
0.00000000 348.49694824 0.17652728
0.00000000 348.49694824 0.17686386
0.00000000 348.49694824 0.17701221
0.00000000 348.49694824 0.17742589
0.00000000 348.49694824 0.17770278
0.00000000 348.49694824 0.17773296
0.00000000 348.55191040 0.17775036
0.00000000 348.55191040 0.17810093
0.00000000 348.55191040 0.17829281
0.00000000 348.55191040 0.17862277
0.00000000 348.55191040 0.17884606
0.00000000 348.55191040 0.17931403
0.00000000 348.55191040 0.17945489
0.00000000 348.55191040 0.17953473
0.00000000 348.55191040 0.17965867
0.00000000 348.55191040 0.17991346
0.00000000 348.55191040 0.17999582
0.00000000 348.55191040 0.18013960
0.00000000 348.55191040 0.18040432
0.00000000 348.55191040 0.18065313
0.00000000 348.55191040 0.18088956
0.00000000 348.55191040 0.18120362
0.00000000 348.55191040 0.18144122
0.00000000 348.55191040 0.18155302
0.00000000 348.60684204 0.18165819
0.00000000 348.60684204 0.18173553
0.00000000 348.60684204 0.18204144
0.00000000 348.60684204 0.18219656
0.00000000 348.60684204 0.18260251
0.00000000 348.60684204 0.18284824
0.00000000 348.60684204 0.18299763
0.00000000 348.60684204 0.18297091
0.00000000 348.60684204 0.18320440
0.00000000 348.60684204 0.18331322
0.00000000 348.66177368 0.18342769
0.00000000 348.66177368 0.18354067
0.00000000 348.66177368 0.18374699
0.00000000 348.71670532 0.18357770
0.00000000 348.71670532 0.18364894
0.00000000 348.71670532 0.18373637
0.00000000 348.77163696 0.18381749
0.00000000 348.77163696 0.18380821
0.00000000 348.77163696 0.18383098
0.00000000 348.77163696 0.18348500
0.00000000 348.77163696 0.18336582
0.00000000 348.77163696 0.18321878
0.00000000 348.77163696 0.18341286
0.00000000 348.82656860 0.18358417
0.00000000 348.82656860 0.18356390
0.00000000 348.82656860 0.18302579
0.00000000 348.88146973 0.18313935
0.00000000 348.88146973 0.18293978
0.00000000 348.88146973 0.18290563
0.00000000 348.88146973 0.18306321
0.00000000 348.88146973 0.18330376
0.00000000 348.88146973 0.18369374
0.00000000 348.88146973 0.18400845
0.00000000 348.88146973 0.18422537
0.00000000 348.88146973 0.18422724
0.00000000 348.88146973 0.18463472
0.00000000 348.88146973 0.18483940
0.00000000 348.88146973 0.18482277
0.00000000 348.88146973 0.18531121
0.00000000 348.93643188 0.18561764
0.00000000 348.93643188 0.18588503
0.00000000 348.93643188 0.18631384
0.00000000 348.93643188 0.18624876
0.00000000 348.93643188 0.18675773
0.00000000 348.93643188 0.18681730
0.00000000 348.99136353 0.18670836
0.00000000 348.99136353 0.18651190
0.00000000 349.04629517 0.18622352
0.00000000 349.10122681 0.18553746
0.00000000 349.21109009 0.18518522
0.00000000 349.26599121 0.18496072
0.00000000 349.32095337 0.18467602
0.00000000 349.43084717 0.18374138
0.00000000 349.48577881 0.18313302
0.00000000 349.59564209 0.18251184
0.00000000 349.81536865 0.18100435
0.00000000 349.98016357 0.17914967
0.00000000 350.30978394 0.17640305
0.00000000 350.91403198 0.17350551
0.00000000 351.24365234 0.17047147
0.00000000 351.57321167 0.16956331
0.00000000 351.73803711 0.16933197
0.00000000 351.73803711 0.16895768
0.00000000 351.79293823 0.16878717
0.00000000 351.79293823 0.16909558
0.00000000 351.84786987 0.16940941
0.00000000 351.84786987 0.16964643
0.00000000 351.84786987 0.17028067
0.00000000 351.84786987 0.17064573
0.00000000 351.90280151 0.17072335
0.00000000 351.90280151 0.17138766
0.00000000 351.90280151 0.17237002
0.00000000 351.95773315 0.17391467
0.00000000 351.95773315 0.17540804
0.00000000 351.95773315 0.17704046
0.00000000 352.01272583 0.17777000
0.00000000 352.01272583 0.17809163
0.00000000 352.01272583 0.17807205
0.00000000 352.06762695 0.17840753
0.00000000 352.06762695 0.17855309
0.00000000 352.06762695 0.17827195
0.00000000 352.06762695 0.17851727
0.00000000 352.12258911 0.17837520
0.00000000 352.12258911 0.17852573
0.00000000 352.12258911 0.17897336
0.00000000 352.12258911 0.17907102
0.00000000 352.12258911 0.17924626
0.00000000 352.17749023 0.17922683
0.00000000 352.17749023 0.17937596
0.00000000 352.17749023 0.17956403
0.00000000 352.17749023 0.17993604
0.00000000 352.17749023 0.18027619
0.00000000 352.17749023 0.18048961
0.00000000 352.23245239 0.18082261
0.00000000 352.23245239 0.18101057
0.00000000 352.23245239 0.18137410
0.00000000 352.23245239 0.18158777
0.00000000 352.23245239 0.18189932
0.00000000 352.23245239 0.18187486
0.00000000 352.23245239 0.18225586
0.00000000 352.23245239 0.18230422
0.00000000 352.23245239 0.18253683
0.00000000 352.28735352 0.18283376
0.00000000 352.28735352 0.18297148
0.00000000 352.28735352 0.18350202
0.00000000 352.28735352 0.18368380
0.00000000 352.28735352 0.18374211
0.00000000 352.28735352 0.18404005
0.00000000 352.28735352 0.18393882
0.00000000 352.28735352 0.18418325
0.00000000 352.28735352 0.18427509
0.00000000 352.28735352 0.18436259
0.00000000 352.28735352 0.18442452
0.00000000 352.34231567 0.18454643
0.00000000 352.34231567 0.18461847
0.00000000 352.34231567 0.18471791
0.00000000 352.34231567 0.18495262
0.00000000 352.34231567 0.18481985
0.00000000 352.39724731 0.18507749
0.00000000 352.39724731 0.18524654
0.00000000 352.39724731 0.18522568
0.00000000 352.39724731 0.18538779
0.00000000 352.39724731 0.18520613
0.00000000 352.39724731 0.18514003
0.00000000 352.39724731 0.18514493
0.00000000 352.39724731 0.18530643
0.00000000 352.39724731 0.18536210
0.00000000 352.39724731 0.18548958
0.00000000 352.39724731 0.18553992
0.00000000 352.45214844 0.18551302
0.00000000 352.45214844 0.18575953
0.00000000 352.45214844 0.18566473
0.00000000 352.45214844 0.18578276
0.00000000 352.45214844 0.18602464
0.00000000 352.45214844 0.18623243
0.00000000 352.45214844 0.18633686
0.00000000 352.45214844 0.18638748
0.00000000 352.45214844 0.18635035
0.00000000 352.45214844 0.18666705
0.00000000 352.45214844 0.18678148
0.00000000 352.45214844 0.18680307
0.00000000 352.45214844 0.18687527
0.00000000 352.50711060 0.18696712
0.00000000 352.50711060 0.18705581
0.00000000 352.50711060 0.18718323
0.00000000 352.56201172 0.18724099
0.00000000 352.56201172 0.18729657
0.00000000 352.61697388 0.18746623
0.00000000 352.61697388 0.18739748
0.00000000 352.61697388 0.18704332
0.00000000 352.67187500 0.18686505
0.00000000 352.72683716 0.18675520
0.00000000 352.72683716 0.18656120
0.00000000 352.78176880 0.18624875
0.00000000 352.89166260 0.18545099
0.00000000 352.94659424 0.18492693
0.00000000 353.00152588 0.18446420
0.00000000 353.05642700 0.18443751
0.00000000 353.11138916 0.18427497
0.00000000 353.16629028 0.18405107
0.00000000 353.16629028 0.18413755
0.00000000 353.16629028 0.18401349
0.00000000 353.22125244 0.18417750
0.00000000 353.22125244 0.18430020
0.00000000 353.22125244 0.18453714
0.00000000 353.22125244 0.18472093
0.00000000 353.22125244 0.18508302
0.00000000 353.22125244 0.18518868
0.00000000 353.22125244 0.18542673
0.00000000 353.22125244 0.18587609
0.00000000 353.22125244 0.18621832
0.00000000 353.22125244 0.18667299
0.00000000 353.22125244 0.18703364
0.00000000 353.22125244 0.18729867
0.00000000 353.22125244 0.18732342
0.00000000 353.27618408 0.18749750
0.00000000 353.27618408 0.18742144
0.00000000 353.27618408 0.18754299
0.00000000 353.27618408 0.18767266
0.00000000 353.27618408 0.18797271
0.00000000 353.27618408 0.18814322
0.00000000 353.27618408 0.18826747
0.00000000 353.27618408 0.18841094
0.00000000 353.27618408 0.18868797
0.00000000 353.27618408 0.18861662
0.00000000 353.27618408 0.18870924
0.00000000 353.27618408 0.18899654
0.00000000 353.27618408 0.18911880
0.00000000 353.27618408 0.18914461
0.00000000 353.27618408 0.18940325
0.00000000 353.27618408 0.18967620
0.00000000 353.33111572 0.18994011
0.00000000 353.33111572 0.19019435
0.00000000 353.33111572 0.19020559
0.00000000 353.33111572 0.19022383
0.00000000 353.33111572 0.19039081
0.00000000 353.33111572 0.19045067
0.00000000 353.33111572 0.19058099
0.00000000 353.33111572 0.19076033
0.00000000 353.33111572 0.19077656
0.00000000 353.33111572 0.19090155
0.00000000 353.33111572 0.19098513
0.00000000 353.33111572 0.19087493
0.00000000 353.33111572 0.19065866
0.00000000 353.33111572 0.19079120
0.00000000 353.33111572 0.19080694
0.00000000 353.38604736 0.19089930
0.00000000 353.38604736 0.19091919
0.00000000 353.38604736 0.19098279
0.00000000 353.38604736 0.19106580
0.00000000 353.38604736 0.19108236
0.00000000 353.38604736 0.19095138
0.00000000 353.38604736 0.19099145
0.00000000 353.38604736 0.19106345
0.00000000 353.38604736 0.19140260
0.00000000 353.38604736 0.19141020
0.00000000 353.38604736 0.19137058
0.00000000 353.38604736 0.19149867
0.00000000 353.38604736 0.19185571
0.00000000 353.38604736 0.19191602
0.00000000 353.38604736 0.19196025
0.00000000 353.38604736 0.19178124
0.00000000 353.44094849 0.19175112
0.00000000 353.44094849 0.19159396
0.00000000 353.44094849 0.19158505
0.00000000 353.44094849 0.19179879
0.00000000 353.44094849 0.19183077
0.00000000 353.44094849 0.19193310
0.00000000 353.44094849 0.19196822
0.00000000 353.44094849 0.19191943
0.00000000 353.44094849 0.19177027
0.00000000 353.44094849 0.19187835
0.00000000 353.44094849 0.19208863
0.00000000 353.44094849 0.19198982
0.00000000 353.44094849 0.19206463
0.00000000 353.44094849 0.19240627
0.00000000 353.44094849 0.19278741
0.00000000 353.44094849 0.19273689
0.00000000 353.44094849 0.19319831
0.00000000 353.44094849 0.19342729
0.00000000 353.44094849 0.19331808
0.00000000 353.44094849 0.19342956
0.00000000 353.44094849 0.19350627
0.00000000 353.49591064 0.19355625
0.00000000 353.49591064 0.19367632
0.00000000 353.49591064 0.19390827
0.00000000 353.49591064 0.19390935
0.00000000 353.49591064 0.19396724
0.00000000 353.49591064 0.19382168
0.00000000 353.49591064 0.19414049
0.00000000 353.49591064 0.19449773
0.00000000 353.49591064 0.19456987
0.00000000 353.49591064 0.19455005
0.00000000 353.49591064 0.19450496
0.00000000 353.49591064 0.19444750
0.00000000 353.49591064 0.19444554
0.00000000 353.49591064 0.19436406
0.00000000 353.49591064 0.19416165
0.00000000 353.49591064 0.19397980
0.00000000 353.49591064 0.19392446
0.00000000 353.49591064 0.19390218
0.00000000 353.49591064 0.19392590
0.00000000 353.55081177 0.19412006
0.00000000 353.55081177 0.19440819
0.00000000 353.55081177 0.19425797
0.00000000 353.55081177 0.19423772
0.00000000 353.55081177 0.19395390
0.00000000 353.55081177 0.19410481
0.00000000 353.60577393 0.19402321
0.00000000 353.60577393 0.19421500
0.00000000 353.60577393 0.19418199
0.00000000 353.60577393 0.19441207
0.00000000 353.60577393 0.19445580
0.00000000 353.66070557 0.19451228
0.00000000 353.66070557 0.19444297
0.00000000 353.66070557 0.19452770
0.00000000 353.66070557 0.19444151
0.00000000 353.66070557 0.19438811
0.00000000 353.66070557 0.19434950
0.00000000 353.66070557 0.19440293
0.00000000 353.66070557 0.19462746
0.00000000 353.66070557 0.19477670
0.00000000 353.66070557 0.19477570
0.00000000 353.66070557 0.19484730
0.00000000 353.71563721 0.19469412
0.00000000 353.71563721 0.19459291
0.00000000 353.71563721 0.19478944
0.00000000 353.71563721 0.19454005
0.00000000 353.71563721 0.19465168
0.00000000 353.71563721 0.19478042
0.00000000 353.71563721 0.19478717
0.00000000 353.71563721 0.19477046
0.00000000 353.71563721 0.19484830
0.00000000 353.71563721 0.19480738
0.00000000 353.71563721 0.19467194
0.00000000 353.71563721 0.19464575
0.00000000 353.71563721 0.19460405
0.00000000 353.71563721 0.19463228
0.00000000 353.71563721 0.19453494
0.00000000 353.71563721 0.19462904
0.00000000 353.71563721 0.19505984
0.00000000 353.71563721 0.19537835
0.00000000 353.71563721 0.19521795
0.00000000 353.71563721 0.19531918
0.00000000 353.71563721 0.19540408
0.00000000 353.71563721 0.19543494
0.00000000 353.71563721 0.19585578
0.00000000 353.71563721 0.19573011
0.00000000 353.71563721 0.19560103
0.00000000 353.71563721 0.19580847
0.00000000 353.71563721 0.19598864
0.00000000 353.71563721 0.19582443
0.00000000 353.71563721 0.19595593
0.00000000 353.71563721 0.19597918
0.00000000 353.71563721 0.19614638
0.00000000 353.71563721 0.19625661
0.00000000 353.71563721 0.19621167
0.00000000 353.71563721 0.19632284
0.00000000 353.77056885 0.19644177
0.00000000 353.77056885 0.19624542
0.00000000 353.77056885 0.19619630
0.00000000 353.77056885 0.19628482
0.00000000 353.77056885 0.19634543
0.00000000 353.77056885 0.19647999
0.00000000 353.77056885 0.19644646
0.00000000 353.77056885 0.19647406
0.00000000 353.77056885 0.19629124
0.00000000 353.77056885 0.19618019
0.00000000 353.77056885 0.19632240
0.00000000 353.77056885 0.19631669
0.00000000 353.77056885 0.19617426
0.00000000 353.77056885 0.19611162
0.00000000 353.82546997 0.19592693
0.00000000 353.82546997 0.19591634
0.00000000 353.82546997 0.19606708
0.00000000 353.82546997 0.19623530
0.00000000 353.82546997 0.19614428
0.00000000 353.82546997 0.19623628
0.00000000 353.88043213 0.19622636
0.00000000 353.88043213 0.19611137
0.00000000 353.88043213 0.19627135
0.00000000 353.88043213 0.19602744
0.00000000 353.88043213 0.19629021
0.00000000 353.88043213 0.19621764
0.00000000 353.88043213 0.19617778
0.00000000 353.88043213 0.19642736
0.00000000 353.88043213 0.19637781
0.00000000 353.88043213 0.19642185
0.00000000 353.88043213 0.19668548
0.00000000 353.88043213 0.19651042
0.00000000 353.88043213 0.19638960
0.00000000 353.88043213 0.19683367
0.00000000 353.88043213 0.19673470
0.00000000 353.88043213 0.19661444
0.00000000 353.88043213 0.19709994
0.00000000 353.88043213 0.19709145
0.00000000 353.88043213 0.19697335
0.00000000 353.88043213 0.19699852
0.00000000 353.88043213 0.19732682
0.00000000 353.88043213 0.19724962
0.00000000 353.88043213 0.19715816
0.00000000 353.88043213 0.19723821
0.00000000 353.88043213 0.19730718
0.00000000 353.88043213 0.19743603
0.00000000 353.88043213 0.19716221
0.00000000 353.88043213 0.19697174
0.00000000 353.88043213 0.19690451
0.00000000 353.88043213 0.19669525
0.00000000 353.88043213 0.19671470
0.00000000 353.88043213 0.19665794
0.00000000 353.88043213 0.19658737
0.00000000 353.88043213 0.19654512
0.00000000 353.88043213 0.19657412
0.00000000 353.93533325 0.19645289
0.00000000 353.93533325 0.19650893
0.00000000 353.93533325 0.19667576
0.00000000 353.93533325 0.19655403
0.00000000 353.93533325 0.19648780
0.00000000 353.93533325 0.19655283
0.00000000 353.93533325 0.19692940
0.00000000 353.93533325 0.19757767
0.00000000 353.93533325 0.19760750
0.00000000 353.93533325 0.19788419
0.00000000 353.93533325 0.19787861
0.00000000 353.93533325 0.19797213
0.00000000 353.93533325 0.19789146
0.00000000 353.93533325 0.19785018
0.00000000 353.93533325 0.19767626
0.00000000 353.93533325 0.19762437
0.00000000 353.93533325 0.19782412
0.00000000 353.93533325 0.19775790
0.00000000 353.93533325 0.19783126
0.00000000 353.93533325 0.19801858
0.00000000 353.93533325 0.19798844
0.00000000 353.93533325 0.19777779
0.00000000 353.93533325 0.19717188
0.00000000 353.93533325 0.19691032
0.00000000 353.93533325 0.19686989
0.00000000 353.93533325 0.19705717
0.00000000 353.93533325 0.19677044
0.00000000 353.93533325 0.19670852
0.00000000 353.93533325 0.19691370
0.00000000 353.93533325 0.19708513
0.00000000 353.93533325 0.19725151
0.00000000 353.93533325 0.19750904
0.00000000 353.93533325 0.19774771
0.00000000 353.93533325 0.19780792
0.00000000 353.93533325 0.19760206
0.00000000 353.93533325 0.19734541
0.00000000 353.93533325 0.19745082
0.00000000 353.93533325 0.19773267
0.00000000 353.93533325 0.19809872
0.00000000 353.93533325 0.19797471
0.00000000 353.93533325 0.19811179
0.00000000 353.93533325 0.19833475
0.00000000 353.99029541 0.19863690
0.00000000 353.99029541 0.19865257
0.00000000 353.99029541 0.19892065
0.00000000 353.99029541 0.19891186
0.00000000 353.99029541 0.19854060
0.00000000 353.99029541 0.19825839
0.00000000 353.99029541 0.19819668
0.00000000 353.99029541 0.19819129
0.00000000 353.99029541 0.19841427
0.00000000 353.99029541 0.19826643
0.00000000 353.99029541 0.19845405
0.00000000 353.99029541 0.19830421
0.00000000 353.99029541 0.19809511
0.00000000 353.99029541 0.19825755
0.00000000 353.99029541 0.19786869
0.00000000 353.99029541 0.19800811
0.00000000 353.99029541 0.19797409
0.00000000 353.99029541 0.19812493
0.00000000 353.99029541 0.19791037
0.00000000 353.99029541 0.19787055
0.00000000 353.99029541 0.19794193
0.00000000 353.99029541 0.19806971
0.00000000 353.99029541 0.19824834
0.00000000 353.99029541 0.19833004
0.00000000 353.99029541 0.19823052
0.00000000 353.99029541 0.19830881
0.00000000 353.99029541 0.19849329
0.00000000 353.99029541 0.19888003
0.00000000 353.99029541 0.19897220
0.00000000 353.99029541 0.19885820
0.00000000 353.99029541 0.19864380
0.00000000 353.99029541 0.19871414
0.00000000 353.99029541 0.19841613
0.00000000 353.99029541 0.19875853
0.00000000 353.99029541 0.19853730
0.00000000 353.99029541 0.19858569
0.00000000 353.99029541 0.19878902
0.00000000 353.99029541 0.19877964
0.00000000 353.99029541 0.19825371
0.00000000 353.99029541 0.19833730
0.00000000 353.99029541 0.19827159
0.00000000 353.99029541 0.19824886
0.00000000 353.99029541 0.19794708
0.00000000 353.99029541 0.19777368
0.00000000 354.04522705 0.19795857
0.00000000 354.04522705 0.19800423
0.00000000 354.04522705 0.19825639
0.00000000 354.04522705 0.19828427
0.00000000 354.04522705 0.19809894
0.00000000 354.04522705 0.19816102
0.00000000 354.04522705 0.19825566
0.00000000 354.04522705 0.19797418
0.00000000 354.04522705 0.19775136
0.00000000 354.04522705 0.19765115
0.00000000 354.04522705 0.19754577
0.00000000 354.04522705 0.19755372
0.00000000 354.04522705 0.19778766
0.00000000 354.04522705 0.19789614
0.00000000 354.04522705 0.19774969
0.00000000 354.10015869 0.19773979
0.00000000 354.10015869 0.19788218
0.00000000 354.10015869 0.19778357
0.00000000 354.10015869 0.19759412
0.00000000 354.10015869 0.19759052
0.00000000 354.10015869 0.19763899
0.00000000 354.10015869 0.19757120
0.00000000 354.10015869 0.19751646
0.00000000 354.10015869 0.19757560
0.00000000 354.10015869 0.19777793
0.00000000 354.10015869 0.19769835
0.00000000 354.10015869 0.19769768
0.00000000 354.10015869 0.19749473
0.00000000 354.10015869 0.19727847
0.00000000 354.10015869 0.19719814
0.00000000 354.10015869 0.19736271
0.00000000 354.15509033 0.19742095
0.00000000 354.15509033 0.19735746
0.00000000 354.15509033 0.19745664
0.00000000 354.15509033 0.19725658
0.00000000 354.15509033 0.19738461
0.00000000 354.15509033 0.19736525
0.00000000 354.15509033 0.19716628
0.00000000 354.15509033 0.19748633
0.00000000 354.15509033 0.19736964
0.00000000 354.15509033 0.19759472
0.00000000 354.15509033 0.19778621
0.00000000 354.15509033 0.19795163
0.00000000 354.15509033 0.19813398
0.00000000 354.15509033 0.19823591
0.00000000 354.20999146 0.19811989
0.00000000 354.20999146 0.19823658
0.00000000 354.20999146 0.19787796
0.00000000 354.20999146 0.19798703
0.00000000 354.20999146 0.19793551
0.00000000 354.20999146 0.19808093
0.00000000 354.20999146 0.19830807
0.00000000 354.20999146 0.19834314
0.00000000 354.20999146 0.19843520
0.00000000 354.20999146 0.19855779
0.00000000 354.20999146 0.19870216
0.00000000 354.20999146 0.19863342
0.00000000 354.20999146 0.19836602
0.00000000 354.20999146 0.19847256
0.00000000 354.20999146 0.19837923
0.00000000 354.20999146 0.19857261
0.00000000 354.20999146 0.19834810
0.00000000 354.20999146 0.19811212
0.00000000 354.20999146 0.19811651
0.00000000 354.26495361 0.19827606
0.00000000 354.26495361 0.19828650
0.00000000 354.26495361 0.19826554
0.00000000 354.26495361 0.19829342
0.00000000 354.26495361 0.19829254
0.00000000 354.26495361 0.19815463
0.00000000 354.26495361 0.19785230
0.00000000 354.26495361 0.19752531
0.00000000 354.26495361 0.19738351
0.00000000 354.26495361 0.19764425
0.00000000 354.31985474 0.19756666
0.00000000 354.31985474 0.19749302
0.00000000 354.31985474 0.19746551
0.00000000 354.31985474 0.19756538
0.00000000 354.31985474 0.19776393
0.00000000 354.31985474 0.19768238
0.00000000 354.31985474 0.19773220
0.00000000 354.37481689 0.19765930
0.00000000 354.37481689 0.19742014
0.00000000 354.37481689 0.19743036
0.00000000 354.37481689 0.19756061
0.00000000 354.37481689 0.19753116
0.00000000 354.42974854 0.19763497
0.00000000 354.42974854 0.19773023
0.00000000 354.42974854 0.19789259
0.00000000 354.42974854 0.19779138
0.00000000 354.42974854 0.19763026
0.00000000 354.42974854 0.19761692
0.00000000 354.48468018 0.19723162
0.00000000 354.48468018 0.19717677
0.00000000 354.48468018 0.19727474
0.00000000 354.48468018 0.19752495
0.00000000 354.48468018 0.19733189
0.00000000 354.53961182 0.19774595
0.00000000 354.53961182 0.19776298
0.00000000 354.53961182 0.19784132
0.00000000 354.59451294 0.19774126
0.00000000 354.64950562 0.19731160
0.00000000 354.70440674 0.19678538
0.00000000 354.75936890 0.19605008
0.00000000 354.86923218 0.19473068
0.00000000 355.03402710 0.19382919
0.00000000 355.19885254 0.19219708
0.00000000 355.41854858 0.19064741
0.00000000 355.63830566 0.18882234
0.00000000 355.80313110 0.18695389
0.00000000 356.02282715 0.18475141
0.00000000 356.29748535 0.18328834
0.00000000 356.40734863 0.18260647
0.00000000 356.46231079 0.18224110
0.00000000 356.46231079 0.18200181
0.00000000 356.51721191 0.18206266
0.00000000 356.51721191 0.18219435
0.00000000 356.51721191 0.18241367
0.00000000 356.51721191 0.18271939
0.00000000 356.57217407 0.18302813
0.00000000 356.57217407 0.18364188
0.00000000 356.57217407 0.18429647
0.00000000 356.62707520 0.18551017
0.00000000 356.62707520 0.18676661
0.00000000 356.62707520 0.18796125
0.00000000 356.62707520 0.18945862
0.00000000 356.68200684 0.19043548
0.00000000 356.68200684 0.19104801
0.00000000 356.68200684 0.19133237
0.00000000 356.73693848 0.19122234
0.00000000 356.73693848 0.19119135
0.00000000 356.73693848 0.19076625
0.00000000 356.79187012 0.19033158
0.00000000 356.79187012 0.19006576
0.00000000 356.79187012 0.19045649
0.00000000 356.84683228 0.19046953
0.00000000 356.84683228 0.19050898
0.00000000 356.84683228 0.19031321
0.00000000 356.84683228 0.19023935
0.00000000 356.84683228 0.19012392
0.00000000 356.90173340 0.18988110
0.00000000 356.90173340 0.19026823
0.00000000 356.90173340 0.19037879
0.00000000 356.90173340 0.19017479
0.00000000 356.90173340 0.19020893
0.00000000 356.90173340 0.19050704
0.00000000 356.90173340 0.19071452
0.00000000 356.90173340 0.19074103
0.00000000 356.90173340 0.19095111
0.00000000 356.90173340 0.19123130
0.00000000 356.90173340 0.19107439
0.00000000 356.90173340 0.19115263
0.00000000 356.90173340 0.19109970
0.00000000 356.95669556 0.19139250
0.00000000 356.95669556 0.19171336
0.00000000 356.95669556 0.19214813
0.00000000 356.95669556 0.19161150
0.00000000 356.95669556 0.19138850
0.00000000 356.95669556 0.19136508
0.00000000 356.95669556 0.19145496
0.00000000 356.95669556 0.19143356
0.00000000 356.95669556 0.19116974
0.00000000 356.95669556 0.19155605
0.00000000 356.95669556 0.19165994
0.00000000 356.95669556 0.19190580
0.00000000 356.95669556 0.19180280
0.00000000 356.95669556 0.19183759
0.00000000 357.01159668 0.19186835
0.00000000 357.01159668 0.19175778
0.00000000 357.01159668 0.19181909
0.00000000 357.01159668 0.19169886
0.00000000 357.01159668 0.19180085
0.00000000 357.01159668 0.19217406
0.00000000 357.01159668 0.19235423
0.00000000 357.01159668 0.19228405
0.00000000 357.01159668 0.19196557
0.00000000 357.01159668 0.19200593
0.00000000 357.01159668 0.19195655
0.00000000 357.06652832 0.19184475
0.00000000 357.06652832 0.19196121
0.00000000 357.06652832 0.19210340
0.00000000 357.06652832 0.19233207
0.00000000 357.06652832 0.19246095
0.00000000 357.06652832 0.19253318
0.00000000 357.06652832 0.19261153
0.00000000 357.06652832 0.19257264
0.00000000 357.06652832 0.19280072
0.00000000 357.06652832 0.19253908
0.00000000 357.06652832 0.19285254
0.00000000 357.06652832 0.19302914
0.00000000 357.06652832 0.19325283
0.00000000 357.06652832 0.19366418
0.00000000 357.12145996 0.19390339
0.00000000 357.12145996 0.19383720
0.00000000 357.12145996 0.19377457
0.00000000 357.12145996 0.19409183
0.00000000 357.12145996 0.19440943
0.00000000 357.12145996 0.19415274
0.00000000 357.12145996 0.19430798
0.00000000 357.12145996 0.19445823
0.00000000 357.12145996 0.19430602
0.00000000 357.17639160 0.19418155
0.00000000 357.17639160 0.19397093
0.00000000 357.17639160 0.19393712
0.00000000 357.17639160 0.19402038
0.00000000 357.17639160 0.19426836
0.00000000 357.17639160 0.19373077
0.00000000 357.17639160 0.19360119
0.00000000 357.17639160 0.19358450
0.00000000 357.17639160 0.19377983
0.00000000 357.17639160 0.19389744
0.00000000 357.23135376 0.19359666
0.00000000 357.23135376 0.19377570
0.00000000 357.23135376 0.19394495
0.00000000 357.23135376 0.19407941
0.00000000 357.23135376 0.19437505
0.00000000 357.23135376 0.19458075
0.00000000 357.23135376 0.19479793
0.00000000 357.23135376 0.19475979
0.00000000 357.23135376 0.19473465
0.00000000 357.28628540 0.19499649
0.00000000 357.28628540 0.19500631
0.00000000 357.28628540 0.19494289
0.00000000 357.28628540 0.19496237
0.00000000 357.28628540 0.19493540
0.00000000 357.28628540 0.19506706
0.00000000 357.28628540 0.19504179
0.00000000 357.28628540 0.19516356
0.00000000 357.28628540 0.19507177
0.00000000 357.34124756 0.19505714
0.00000000 357.34124756 0.19485462
0.00000000 357.34124756 0.19475369
0.00000000 357.34124756 0.19462547
0.00000000 357.39614868 0.19448845
0.00000000 357.39614868 0.19422254
0.00000000 357.45111084 0.19380786
0.00000000 357.50601196 0.19327611
0.00000000 357.56097412 0.19277509
0.00000000 357.61587524 0.19255154
0.00000000 357.72576904 0.19182335
0.00000000 357.78067017 0.19119227
0.00000000 357.89053345 0.19057961
0.00000000 358.00039673 0.18978557
0.00000000 358.11029053 0.18901317
0.00000000 358.16525269 0.18858305
0.00000000 358.22018433 0.18827182
0.00000000 358.27508545 0.18822686
0.00000000 358.27508545 0.18820196
0.00000000 358.27508545 0.18838666
0.00000000 358.27508545 0.18835150
0.00000000 358.27508545 0.18873870
0.00000000 358.27508545 0.18924585
0.00000000 358.27508545 0.18961231
0.00000000 358.27508545 0.18992709
0.00000000 358.27508545 0.19027589
0.00000000 358.27508545 0.19084512
0.00000000 358.27508545 0.19120364
0.00000000 358.27508545 0.19183020
0.00000000 358.33004761 0.19242159
0.00000000 358.33004761 0.19282499
0.00000000 358.33004761 0.19317347
0.00000000 358.33004761 0.19312365
0.00000000 358.33004761 0.19307478
0.00000000 358.33004761 0.19305298
0.00000000 358.33004761 0.19321996
0.00000000 358.33004761 0.19321217
0.00000000 358.33004761 0.19314900
0.00000000 358.33004761 0.19298495
0.00000000 358.33004761 0.19296150
0.00000000 358.33004761 0.19330834
0.00000000 358.33004761 0.19331351
0.00000000 358.33004761 0.19346769
0.00000000 358.33004761 0.19374907
0.00000000 358.33004761 0.19391392
0.00000000 358.33004761 0.19397403
0.00000000 358.33004761 0.19388394
0.00000000 358.33004761 0.19415270
0.00000000 358.38494873 0.19432923
0.00000000 358.38494873 0.19422935
0.00000000 358.38494873 0.19420727
0.00000000 358.38494873 0.19403382
0.00000000 358.38494873 0.19387959
0.00000000 358.38494873 0.19374405
0.00000000 358.38494873 0.19392382
0.00000000 358.38494873 0.19374987
0.00000000 358.43991089 0.19355993
0.00000000 358.43991089 0.19364202
0.00000000 358.43991089 0.19349502
0.00000000 358.43991089 0.19348525
0.00000000 358.43991089 0.19347490
0.00000000 358.43991089 0.19362867
0.00000000 358.43991089 0.19366497
0.00000000 358.43991089 0.19366069
0.00000000 358.43991089 0.19361719
0.00000000 358.43991089 0.19374013
0.00000000 358.43991089 0.19385807
0.00000000 358.43991089 0.19401285
0.00000000 358.43991089 0.19401062
0.00000000 358.43991089 0.19428764
0.00000000 358.43991089 0.19454063
0.00000000 358.43991089 0.19463141
0.00000000 358.43991089 0.19480053
0.00000000 358.49484253 0.19472258
0.00000000 358.49484253 0.19479187
0.00000000 358.49484253 0.19454142
0.00000000 358.49484253 0.19429195
0.00000000 358.49484253 0.19456440
0.00000000 358.49484253 0.19463581
0.00000000 358.49484253 0.19467400
0.00000000 358.49484253 0.19448543
0.00000000 358.49484253 0.19440044
0.00000000 358.49484253 0.19446461
0.00000000 358.49484253 0.19464551
0.00000000 358.49484253 0.19468583
0.00000000 358.49484253 0.19432491
0.00000000 358.54977417 0.19425955
0.00000000 358.54977417 0.19429459
0.00000000 358.54977417 0.19442812
0.00000000 358.54977417 0.19450937
0.00000000 358.54977417 0.19448322
0.00000000 358.54977417 0.19468617
0.00000000 358.54977417 0.19450906
0.00000000 358.54977417 0.19439761
0.00000000 358.54977417 0.19474904
0.00000000 358.54977417 0.19481295
0.00000000 358.54977417 0.19489163
0.00000000 358.54977417 0.19510128
0.00000000 358.54977417 0.19531955
0.00000000 358.54977417 0.19539011
0.00000000 358.54977417 0.19519484
0.00000000 358.54977417 0.19531174
0.00000000 358.54977417 0.19526263
0.00000000 358.60470581 0.19502166
0.00000000 358.60470581 0.19522905
0.00000000 358.60470581 0.19535273
0.00000000 358.60470581 0.19532469
0.00000000 358.60470581 0.19546337
0.00000000 358.60470581 0.19569273
0.00000000 358.60470581 0.19539666
0.00000000 358.60470581 0.19525395
0.00000000 358.60470581 0.19537017
0.00000000 358.60470581 0.19556913
0.00000000 358.60470581 0.19553618
0.00000000 358.60470581 0.19530794
0.00000000 358.60470581 0.19538112
0.00000000 358.60470581 0.19532178
0.00000000 358.60470581 0.19526774
0.00000000 358.60470581 0.19542442
0.00000000 358.65960693 0.19519410
0.00000000 358.65960693 0.19502947
0.00000000 358.65960693 0.19488242
0.00000000 358.65960693 0.19488622
0.00000000 358.65960693 0.19490339
0.00000000 358.65960693 0.19486247
0.00000000 358.65960693 0.19495945
0.00000000 358.65960693 0.19504237
0.00000000 358.65960693 0.19496824
0.00000000 358.65960693 0.19482706
0.00000000 358.65960693 0.19516976
0.00000000 358.71456909 0.19523466
0.00000000 358.71456909 0.19544460
0.00000000 358.71456909 0.19559701
0.00000000 358.71456909 0.19568004
0.00000000 358.71456909 0.19580303
0.00000000 358.71456909 0.19596267
0.00000000 358.71456909 0.19624108
0.00000000 358.71456909 0.19626759
0.00000000 358.71456909 0.19637319
0.00000000 358.71456909 0.19664617
0.00000000 358.71456909 0.19678691
0.00000000 358.71456909 0.19687901
0.00000000 358.71456909 0.19704160
0.00000000 358.71456909 0.19701910
0.00000000 358.71456909 0.19675705
0.00000000 358.71456909 0.19699420
0.00000000 358.71456909 0.19712561
0.00000000 358.71456909 0.19715899
0.00000000 358.71456909 0.19750914
0.00000000 358.71456909 0.19748369
0.00000000 358.71456909 0.19745430
0.00000000 358.71456909 0.19730493
0.00000000 358.71456909 0.19762230
0.00000000 358.71456909 0.19780946
0.00000000 358.71456909 0.19775905
0.00000000 358.71456909 0.19763564
0.00000000 358.71456909 0.19740742
0.00000000 358.71456909 0.19752923
0.00000000 358.71456909 0.19761948
0.00000000 358.71456909 0.19781236
0.00000000 358.71456909 0.19796400
0.00000000 358.71456909 0.19785863
0.00000000 358.71456909 0.19789512
0.00000000 358.71456909 0.19771971
0.00000000 358.71456909 0.19742154
0.00000000 358.71456909 0.19730718
0.00000000 358.71456909 0.19750857
0.00000000 358.71456909 0.19715469
0.00000000 358.71456909 0.19716676
0.00000000 358.71456909 0.19682728
0.00000000 358.71456909 0.19692746
0.00000000 358.71456909 0.19694254
0.00000000 358.71456909 0.19711338
0.00000000 358.71456909 0.19712567
0.00000000 358.71456909 0.19679314
0.00000000 358.71456909 0.19674182
0.00000000 358.71456909 0.19656947
0.00000000 358.71456909 0.19657211
0.00000000 358.71456909 0.19652514
0.00000000 358.71456909 0.19656453
0.00000000 358.71456909 0.19684400
0.00000000 358.71456909 0.19678926
0.00000000 358.71456909 0.19677810
0.00000000 358.71456909 0.19676556
0.00000000 358.71456909 0.19690031
0.00000000 358.71456909 0.19712861
0.00000000 358.71456909 0.19743825
0.00000000 358.71456909 0.19750302
0.00000000 358.71456909 0.19759996
0.00000000 358.71456909 0.19775112
0.00000000 358.71456909 0.19784185
0.00000000 358.71456909 0.19788180
0.00000000 358.71456909 0.19791618
0.00000000 358.71456909 0.19807260
0.00000000 358.71456909 0.19802284
0.00000000 358.71456909 0.19797890
0.00000000 358.71456909 0.19800866
0.00000000 358.71456909 0.19802666
0.00000000 358.71456909 0.19818839
0.00000000 358.71456909 0.19830289
0.00000000 358.71456909 0.19835182
0.00000000 358.71456909 0.19833933
0.00000000 358.71456909 0.19835377
0.00000000 358.71456909 0.19848850
0.00000000 358.71456909 0.19847487
0.00000000 358.71456909 0.19865200
0.00000000 358.71456909 0.19854948
0.00000000 358.71456909 0.19881390
0.00000000 358.71456909 0.19888233
0.00000000 358.71456909 0.19889493
0.00000000 358.71456909 0.19916850
0.00000000 358.71456909 0.19902091
0.00000000 358.71456909 0.19901803
0.00000000 358.71456909 0.19891632
0.00000000 358.71456909 0.19891967
0.00000000 358.71456909 0.19870177
0.00000000 358.71456909 0.19863491
0.00000000 358.71456909 0.19857079
0.00000000 358.71456909 0.19826572
0.00000000 358.71456909 0.19813579
0.00000000 358.71456909 0.19808465
0.00000000 358.71456909 0.19815442
0.00000000 358.71456909 0.19827864
0.00000000 358.71456909 0.19811895
0.00000000 358.71456909 0.19817778
0.00000000 358.71456909 0.19812214
0.00000000 358.71456909 0.19811335
0.00000000 358.71456909 0.19809505
0.00000000 358.71456909 0.19820158
0.00000000 358.71456909 0.19798836
0.00000000 358.71456909 0.19809407
0.00000000 358.71456909 0.19799690
0.00000000 358.71456909 0.19807841
0.00000000 358.71456909 0.19814938
0.00000000 358.71456909 0.19838600
0.00000000 358.71456909 0.19855337
0.00000000 358.71456909 0.19830506
0.00000000 358.71456909 0.19816497
0.00000000 358.71456909 0.19829488
0.00000000 358.71456909 0.19822440
0.00000000 358.71456909 0.19820730
0.00000000 358.71456909 0.19828714
0.00000000 358.71456909 0.19838776
0.00000000 358.71456909 0.19853947
0.00000000 358.71456909 0.19858342
0.00000000 358.71456909 0.19877163
0.00000000 358.71456909 0.19863681
0.00000000 358.71456909 0.19872221
0.00000000 358.71456909 0.19868840
0.00000000 358.71456909 0.19870813
0.00000000 358.71456909 0.19883591
0.00000000 358.71456909 0.19877551
0.00000000 358.71456909 0.19855207
0.00000000 358.71456909 0.19866265
0.00000000 358.71456909 0.19862533
0.00000000 358.71456909 0.19863091
0.00000000 358.71456909 0.19881523
0.00000000 358.71456909 0.19875585
0.00000000 358.71456909 0.19882576
0.00000000 358.71456909 0.19877099
0.00000000 358.71456909 0.19856904
0.00000000 358.71456909 0.19863415
0.00000000 358.71456909 0.19864497
0.00000000 358.71456909 0.19853695
0.00000000 358.71456909 0.19872704
0.00000000 358.71456909 0.19863130
0.00000000 358.71456909 0.19835955
0.00000000 358.71456909 0.19860925
0.00000000 358.71456909 0.19878754
0.00000000 358.71456909 0.19872881
0.00000000 358.71456909 0.19886261
0.00000000 358.71456909 0.19885735
0.00000000 358.71456909 0.19900332
0.00000000 358.71456909 0.19894929
0.00000000 358.71456909 0.19889568
0.00000000 358.71456909 0.19885249
0.00000000 358.71456909 0.19908036
0.00000000 358.71456909 0.19911334
0.00000000 358.71456909 0.19933559
0.00000000 358.71456909 0.19941533
0.00000000 358.71456909 0.19962162
0.00000000 358.71456909 0.19973089
0.00000000 358.71456909 0.19993716
0.00000000 358.71456909 0.19973412
0.00000000 358.71456909 0.19979727
0.00000000 358.71456909 0.19993278
0.00000000 358.76947021 0.20004484
0.00000000 358.76947021 0.19976309
0.00000000 358.76947021 0.19935513
0.00000000 358.76947021 0.19923471
0.00000000 358.76947021 0.19913329
0.00000000 358.76947021 0.19896607
0.00000000 358.76947021 0.19875942
0.00000000 358.76947021 0.19841067
0.00000000 358.76947021 0.19849430
0.00000000 358.76947021 0.19856542
0.00000000 358.76947021 0.19814688
0.00000000 358.76947021 0.19790700
0.00000000 358.76947021 0.19816305
0.00000000 358.76947021 0.19829541
0.00000000 358.76947021 0.19834512
0.00000000 358.76947021 0.19845480
0.00000000 358.76947021 0.19837962
0.00000000 358.76947021 0.19852570
0.00000000 358.76947021 0.19871405
0.00000000 358.76947021 0.19875523
0.00000000 358.76947021 0.19916259
0.00000000 358.76947021 0.19911763
0.00000000 358.76947021 0.19903432
0.00000000 358.76947021 0.19915570
0.00000000 358.76947021 0.19885117
0.00000000 358.76947021 0.19884987
0.00000000 358.76947021 0.19895095
0.00000000 358.76947021 0.19887362
0.00000000 358.76947021 0.19856592
0.00000000 358.76947021 0.19853236
0.00000000 358.76947021 0.19855811
0.00000000 358.76947021 0.19850549
0.00000000 358.76947021 0.19844434
0.00000000 358.76947021 0.19856244
0.00000000 358.76947021 0.19875574
0.00000000 358.76947021 0.19871631
0.00000000 358.76947021 0.19877788
0.00000000 358.76947021 0.19906460
0.00000000 358.76947021 0.19905742
0.00000000 358.76947021 0.19919547
0.00000000 358.76947021 0.19944608
0.00000000 358.76947021 0.19934991
0.00000000 358.76947021 0.19910122
0.00000000 358.76947021 0.19933759
0.00000000 358.76947021 0.19947234
0.00000000 358.76947021 0.19959216
0.00000000 358.76947021 0.19980767
0.00000000 358.76947021 0.19971298
0.00000000 358.76947021 0.19979329
0.00000000 358.76947021 0.19971229
0.00000000 358.76947021 0.19950709
0.00000000 358.76947021 0.19947404
0.00000000 358.76947021 0.19940008
0.00000000 358.76947021 0.19929820
0.00000000 358.76947021 0.19929330
0.00000000 358.76947021 0.19937399
0.00000000 358.76947021 0.19944762
0.00000000 358.76947021 0.19957250
0.00000000 358.76947021 0.19952928
0.00000000 358.76947021 0.19937761
0.00000000 358.76947021 0.19960204
0.00000000 358.76947021 0.19963931
0.00000000 358.76947021 0.19984081
0.00000000 358.76947021 0.19971186
0.00000000 358.76947021 0.19976014
0.00000000 358.76947021 0.19972226
0.00000000 358.76947021 0.19975385
0.00000000 358.76947021 0.19959015
0.00000000 358.76947021 0.19944671
0.00000000 358.76947021 0.19959892
0.00000000 358.76947021 0.19961183
0.00000000 358.76947021 0.19953187
0.00000000 358.76947021 0.19972092
0.00000000 358.76947021 0.19995227
0.00000000 358.76947021 0.20020106
0.00000000 358.76947021 0.20011586
0.00000000 358.76947021 0.20004354
0.00000000 358.76947021 0.19984978
0.00000000 358.76947021 0.20004229
0.00000000 358.76947021 0.19982937
0.00000000 358.76947021 0.19988877
0.00000000 358.76947021 0.20004113
0.00000000 358.76947021 0.19991317
0.00000000 358.76947021 0.19997105
0.00000000 358.76947021 0.19978872
0.00000000 358.76947021 0.19961709
0.00000000 358.76947021 0.19941799
0.00000000 358.76947021 0.19947653
0.00000000 358.76947021 0.19910575
0.00000000 358.76947021 0.19867149
0.00000000 358.76947021 0.19853529
0.00000000 358.76947021 0.19859760
0.00000000 358.76947021 0.19861104
0.00000000 358.76947021 0.19858506
0.00000000 358.76947021 0.19838384
0.00000000 358.76947021 0.19845071
0.00000000 358.76947021 0.19833799
0.00000000 358.76947021 0.19844437
0.00000000 358.76947021 0.19844653
0.00000000 358.76947021 0.19874497
0.00000000 358.76947021 0.19891380
0.00000000 358.76947021 0.19885558
0.00000000 358.76947021 0.19887893
0.00000000 358.76947021 0.19892377
0.00000000 358.76947021 0.19909361
0.00000000 358.76947021 0.19935951
0.00000000 358.76947021 0.19958632
0.00000000 358.76947021 0.19941910
0.00000000 358.76947021 0.19912489
0.00000000 358.76947021 0.19933976
0.00000000 358.76947021 0.19932701
0.00000000 358.76947021 0.19926775
0.00000000 358.76947021 0.19911216
0.00000000 358.76947021 0.19918060
0.00000000 358.76947021 0.19935645
0.00000000 358.76947021 0.19927035
0.00000000 358.76947021 0.19929540
0.00000000 358.82443237 0.19926561
0.00000000 358.82443237 0.19941376
0.00000000 358.82443237 0.19941290
0.00000000 358.82443237 0.19944376
0.00000000 358.82443237 0.19941367
0.00000000 358.82443237 0.19939980
0.00000000 358.82443237 0.19923641
0.00000000 358.82443237 0.19935125
0.00000000 358.82443237 0.19947404
0.00000000 358.82443237 0.19973494
0.00000000 358.82443237 0.19971511
0.00000000 358.82443237 0.19949891
0.00000000 358.82443237 0.19932443
0.00000000 358.82443237 0.19925164
0.00000000 358.82443237 0.19924690
0.00000000 358.82443237 0.19896659
0.00000000 358.82443237 0.19901589
0.00000000 358.82443237 0.19919570
0.00000000 358.82443237 0.19910295
0.00000000 358.82443237 0.19906570
0.00000000 358.82443237 0.19897889
0.00000000 358.82443237 0.19929680
0.00000000 358.82443237 0.19943896
0.00000000 358.82443237 0.19930126
0.00000000 358.82443237 0.19905145
0.00000000 358.82443237 0.19902115
0.00000000 358.82443237 0.19919455
0.00000000 358.82443237 0.19906463
0.00000000 358.82443237 0.19886628
0.00000000 358.82443237 0.19879563
0.00000000 358.82443237 0.19895972
0.00000000 358.82443237 0.19894987
0.00000000 358.82443237 0.19871590
0.00000000 358.82443237 0.19868116
0.00000000 358.82443237 0.19871500
0.00000000 358.82443237 0.19867536
0.00000000 358.82443237 0.19901918
0.00000000 358.82443237 0.19895312
0.00000000 358.82443237 0.19868049
0.00000000 358.82443237 0.19847238
0.00000000 358.82443237 0.19838972
0.00000000 358.82443237 0.19839236
0.00000000 358.82443237 0.19823945
0.00000000 358.82443237 0.19809681
0.00000000 358.82443237 0.19805607
0.00000000 358.82443237 0.19800432
0.00000000 358.82443237 0.19818033
0.00000000 358.82443237 0.19849773
0.00000000 358.82443237 0.19849512
0.00000000 358.82443237 0.19882143
0.00000000 358.82443237 0.19887264
0.00000000 358.82443237 0.19896629
0.00000000 358.82443237 0.19889593
0.00000000 358.82443237 0.19917019
0.00000000 358.82443237 0.19937223
0.00000000 358.82443237 0.19951814
0.00000000 358.82443237 0.19994010
0.00000000 358.82443237 0.19993071
0.00000000 358.82443237 0.20029476
0.00000000 358.82443237 0.20025177
0.00000000 358.82443237 0.20035636
0.00000000 358.82443237 0.20036925
0.00000000 358.82443237 0.20037082
0.00000000 358.82443237 0.20043984
0.00000000 358.82443237 0.20063590
0.00000000 358.82443237 0.20036536
0.00000000 358.82443237 0.20043664
0.00000000 358.82443237 0.20050724
0.00000000 358.82443237 0.20065114
0.00000000 358.82443237 0.20049639
0.00000000 358.82443237 0.20038290
0.00000000 358.82443237 0.20016111
0.00000000 358.82443237 0.19996552
0.00000000 358.82443237 0.19959357
0.00000000 358.82443237 0.19969131
0.00000000 358.82443237 0.19960949
0.00000000 358.82443237 0.19946332
0.00000000 358.82443237 0.19952281
0.00000000 358.82443237 0.19941767
0.00000000 358.82443237 0.19949980
0.00000000 358.82443237 0.19960047
0.00000000 358.82443237 0.19952238
0.00000000 358.82443237 0.19943368
0.00000000 358.82443237 0.19940349
0.00000000 358.82443237 0.19966565
0.00000000 358.82443237 0.19964111
0.00000000 358.82443237 0.19990845
0.00000000 358.82443237 0.19994681
0.00000000 358.82443237 0.19996800
0.00000000 358.82443237 0.20013885
0.00000000 358.82443237 0.19994360
0.00000000 358.82443237 0.19995959
0.00000000 358.82443237 0.19990782
0.00000000 358.82443237 0.19983521
0.00000000 358.87936401 0.19981784
0.00000000 358.87936401 0.19968751
0.00000000 358.87936401 0.19979656
0.00000000 358.87936401 0.19979931
0.00000000 358.87936401 0.19968304
0.00000000 358.87936401 0.19955772
0.00000000 358.87936401 0.19933295
0.00000000 358.87936401 0.19913399
0.00000000 358.87936401 0.19891794
0.00000000 358.87936401 0.19901502
0.00000000 358.87936401 0.19892125
0.00000000 358.87936401 0.19877732
0.00000000 358.87936401 0.19860339
0.00000000 358.87936401 0.19838747
0.00000000 358.87936401 0.19847262
0.00000000 358.87936401 0.19839168
0.00000000 358.87936401 0.19846439
0.00000000 358.87936401 0.19852059
0.00000000 358.87936401 0.19865642
0.00000000 358.87936401 0.19885974
0.00000000 358.87936401 0.19921042
0.00000000 358.87936401 0.19891088
0.00000000 358.87936401 0.19917038
0.00000000 358.87936401 0.19912596
0.00000000 358.87936401 0.19893783
0.00000000 358.87936401 0.19924764
0.00000000 358.87936401 0.19924842
0.00000000 358.87936401 0.19928624
0.00000000 358.87936401 0.19941169
0.00000000 358.87936401 0.19929533
0.00000000 358.87936401 0.19935741
0.00000000 358.87936401 0.19949427
0.00000000 358.87936401 0.19951472
0.00000000 358.87936401 0.19944254
0.00000000 358.87936401 0.19950207
0.00000000 358.87936401 0.19967310
0.00000000 358.87936401 0.19999811
0.00000000 358.87936401 0.19991437
0.00000000 358.87936401 0.19998279
0.00000000 358.87936401 0.20007895
0.00000000 358.87936401 0.20018683
0.00000000 358.87936401 0.20002785
0.00000000 358.87936401 0.19997571
0.00000000 358.87936401 0.20012006
0.00000000 358.87936401 0.20035560
0.00000000 358.87936401 0.20041530
0.00000000 358.87936401 0.20023762
0.00000000 358.87936401 0.20043334
0.00000000 358.87936401 0.20030092
0.00000000 358.87936401 0.20036907
0.00000000 358.87936401 0.20005599
0.00000000 358.87936401 0.19993064
0.00000000 358.87936401 0.19971868
0.00000000 358.87936401 0.19986874
0.00000000 358.87936401 0.19975077
0.00000000 358.87936401 0.19961216
0.00000000 358.87936401 0.19971991
0.00000000 358.87936401 0.19989133
0.00000000 358.87936401 0.19992092
0.00000000 358.87936401 0.20001486
0.00000000 358.87936401 0.19998646
0.00000000 358.87936401 0.19982292
0.00000000 358.93429565 0.19981734
0.00000000 358.93429565 0.19966583
0.00000000 358.93429565 0.19978230
0.00000000 358.93429565 0.19962226
0.00000000 358.93429565 0.19970490
0.00000000 358.93429565 0.19985901
0.00000000 358.93429565 0.19991450
0.00000000 358.93429565 0.20002133
0.00000000 358.93429565 0.20033899
0.00000000 358.93429565 0.20036431
0.00000000 358.93429565 0.20039879
0.00000000 358.93429565 0.20030795
0.00000000 358.93429565 0.20019698
0.00000000 358.93429565 0.20016296
0.00000000 358.93429565 0.20008823
0.00000000 358.93429565 0.20023200
0.00000000 358.93429565 0.20005301
0.00000000 358.98922729 0.19999938
0.00000000 358.98922729 0.19996653
0.00000000 358.98922729 0.20002763
0.00000000 358.98922729 0.20007594
0.00000000 358.98922729 0.19983000
0.00000000 358.98922729 0.19973640
0.00000000 358.98922729 0.19943517
0.00000000 358.98922729 0.19938721
0.00000000 358.98922729 0.19968607
0.00000000 358.98922729 0.19956340
0.00000000 358.98922729 0.19970757
0.00000000 358.98922729 0.19953190
0.00000000 358.98922729 0.19922924
0.00000000 358.98922729 0.19912878
0.00000000 358.98922729 0.19912592
0.00000000 358.98922729 0.19909169
0.00000000 358.98922729 0.19923639
0.00000000 358.98922729 0.19921207
0.00000000 358.98922729 0.19907346
0.00000000 358.98922729 0.19900338
0.00000000 358.98922729 0.19890226
0.00000000 358.98922729 0.19917127
0.00000000 358.98922729 0.19934268
0.00000000 358.98922729 0.19936530
0.00000000 358.98922729 0.19899267
0.00000000 358.98922729 0.19891243
0.00000000 358.98922729 0.19885534
0.00000000 358.98922729 0.19899958
0.00000000 358.98922729 0.19926301
0.00000000 358.98922729 0.19913764
0.00000000 358.98922729 0.19923425
0.00000000 358.98922729 0.19899049
0.00000000 358.98922729 0.19895130
0.00000000 358.98922729 0.19897947
0.00000000 358.98922729 0.19887981
0.00000000 358.98922729 0.19894849
0.00000000 358.98922729 0.19870739
0.00000000 358.98922729 0.19846050
0.00000000 358.98922729 0.19861667
0.00000000 358.98922729 0.19860990
0.00000000 358.98922729 0.19866523
0.00000000 358.98922729 0.19842920
0.00000000 358.98922729 0.19832085
0.00000000 358.98922729 0.19800298
0.00000000 358.98922729 0.19795769
0.00000000 358.98922729 0.19786388
0.00000000 358.98922729 0.19816594
0.00000000 358.98922729 0.19826680
0.00000000 358.98922729 0.19808041
0.00000000 358.98922729 0.19831122
0.00000000 358.98922729 0.19839317
0.00000000 358.98922729 0.19864398
0.00000000 358.98922729 0.19878504
0.00000000 358.98922729 0.19879320
0.00000000 358.98922729 0.19870810
0.00000000 358.98922729 0.19871074
0.00000000 358.98922729 0.19869979
0.00000000 358.98922729 0.19900045
0.00000000 358.98922729 0.19921799
0.00000000 358.98922729 0.19962806
0.00000000 358.98922729 0.19961561
0.00000000 358.98922729 0.19966185
0.00000000 358.98922729 0.19944325
0.00000000 358.98922729 0.19957753
0.00000000 358.98922729 0.19936714
0.00000000 358.98922729 0.19924077
0.00000000 358.98922729 0.19926648
0.00000000 358.98922729 0.19922115
0.00000000 358.98922729 0.19951826
0.00000000 358.98922729 0.19953829
0.00000000 358.98922729 0.19957682
0.00000000 358.98922729 0.19926108
0.00000000 358.98922729 0.19910134
0.00000000 358.98922729 0.19895428
0.00000000 358.98922729 0.19884585
0.00000000 358.98922729 0.19871461
0.00000000 358.98922729 0.19857885
0.00000000 358.98922729 0.19861527
0.00000000 358.98922729 0.19857836
0.00000000 358.98922729 0.19856359
0.00000000 358.98922729 0.19866493
0.00000000 359.04418945 0.19875294
0.00000000 359.04418945 0.19874769
0.00000000 359.04418945 0.19890548
0.00000000 359.04418945 0.19862421
0.00000000 359.04418945 0.19843435
0.00000000 359.04418945 0.19850014
0.00000000 359.04418945 0.19867672
0.00000000 359.04418945 0.19876032
0.00000000 359.04418945 0.19894740
0.00000000 359.04418945 0.19876234
0.00000000 359.04418945 0.19876797
0.00000000 359.04418945 0.19889832
0.00000000 359.04418945 0.19870880
0.00000000 359.04418945 0.19876379
0.00000000 359.04418945 0.19857392
0.00000000 359.04418945 0.19871469
0.00000000 359.04418945 0.19863616
0.00000000 359.04418945 0.19859344
0.00000000 359.04418945 0.19854598
0.00000000 359.04418945 0.19870096
0.00000000 359.04418945 0.19858374
0.00000000 359.04418945 0.19869693
0.00000000 359.04418945 0.19878955
0.00000000 359.04418945 0.19884150
0.00000000 359.04418945 0.19858907
0.00000000 359.04418945 0.19892012
0.00000000 359.04418945 0.19893889
0.00000000 359.04418945 0.19922312
0.00000000 359.04418945 0.19930196
0.00000000 359.04418945 0.19952410
0.00000000 359.04418945 0.19954966
0.00000000 359.04418945 0.19967869
0.00000000 359.04418945 0.19947781
0.00000000 359.04418945 0.19957139
0.00000000 359.04418945 0.19966207
0.00000000 359.04418945 0.19986598
0.00000000 359.04418945 0.19967085
0.00000000 359.04418945 0.19938757
0.00000000 359.04418945 0.19925605
0.00000000 359.04418945 0.19945627
0.00000000 359.04418945 0.19953583
0.00000000 359.04418945 0.19945544
0.00000000 359.04418945 0.19930543
0.00000000 359.04418945 0.19930902
0.00000000 359.04418945 0.19941266
0.00000000 359.04418945 0.19944458
0.00000000 359.04418945 0.19955297
0.00000000 359.04418945 0.19957745
0.00000000 359.04418945 0.19969422
0.00000000 359.04418945 0.19979624
0.00000000 359.04418945 0.19980350
0.00000000 359.04418945 0.19967391
0.00000000 359.04418945 0.19979458
0.00000000 359.04418945 0.19993660
0.00000000 359.04418945 0.19959413
0.00000000 359.04418945 0.19958210
0.00000000 359.04418945 0.19954197
0.00000000 359.04418945 0.19969374
0.00000000 359.04418945 0.19982226
0.00000000 359.04418945 0.19981222
0.00000000 359.04418945 0.19958255
0.00000000 359.04418945 0.19965394
0.00000000 359.04418945 0.19960126
0.00000000 359.04418945 0.19942306
0.00000000 359.04418945 0.19950108
0.00000000 359.04418945 0.19943418
0.00000000 359.04418945 0.19960360
0.00000000 359.04418945 0.19964252
0.00000000 359.04418945 0.19968815
0.00000000 359.04418945 0.19966926
0.00000000 359.04418945 0.19986747
0.00000000 359.04418945 0.19975251
0.00000000 359.04418945 0.19969115
0.00000000 359.04418945 0.19966398
0.00000000 359.04418945 0.19958843
0.00000000 359.04418945 0.19922915
0.00000000 359.04418945 0.19907083
0.00000000 359.04418945 0.19887187
0.00000000 359.04418945 0.19898510
0.00000000 359.04418945 0.19883232
0.00000000 359.04418945 0.19871429
0.00000000 359.04418945 0.19867638
0.00000000 359.04418945 0.19886704
0.00000000 359.04418945 0.19886053
0.00000000 359.04418945 0.19887795
0.00000000 359.04418945 0.19902402
0.00000000 359.04418945 0.19894907
0.00000000 359.04418945 0.19914089
0.00000000 359.04418945 0.19928859
0.00000000 359.04418945 0.19936213
0.00000000 359.04418945 0.19933873
0.00000000 359.04418945 0.19957139
0.00000000 359.04418945 0.19980301
0.00000000 359.04418945 0.19966620
0.00000000 359.04418945 0.19960074
0.00000000 359.04418945 0.19979779
0.00000000 359.04418945 0.19964981
0.00000000 359.04418945 0.19963849
0.00000000 359.04418945 0.19933398
0.00000000 359.04418945 0.19954330
0.00000000 359.04418945 0.19963594
0.00000000 359.04418945 0.19952896
0.00000000 359.04418945 0.19957158
0.00000000 359.04418945 0.19970043
0.00000000 359.04418945 0.19963187
0.00000000 359.04418945 0.19950187
0.00000000 359.04418945 0.19936946
0.00000000 359.04418945 0.19937401
0.00000000 359.04418945 0.19944574
0.00000000 359.04418945 0.19987696
0.00000000 359.04418945 0.19992012
0.00000000 359.04418945 0.19976048
0.00000000 359.09912109 0.19991726
0.00000000 359.09912109 0.19979429
0.00000000 359.09912109 0.19962488
0.00000000 359.09912109 0.19949831
0.00000000 359.09912109 0.19953741
0.00000000 359.09912109 0.19967283
0.00000000 359.09912109 0.19979733
0.00000000 359.09912109 0.19972417
0.00000000 359.09912109 0.19983320
0.00000000 359.09912109 0.19983074
0.00000000 359.09912109 0.19983190
0.00000000 359.09912109 0.19991569
0.00000000 359.09912109 0.19984227
0.00000000 359.09912109 0.19985022
0.00000000 359.09912109 0.19978917
0.00000000 359.09912109 0.19962926
0.00000000 359.09912109 0.19976521
0.00000000 359.09912109 0.19976078
0.00000000 359.09912109 0.20000418
0.00000000 359.09912109 0.19980817
0.00000000 359.09912109 0.19964486
0.00000000 359.09912109 0.19936927
0.00000000 359.09912109 0.19936647
0.00000000 359.09912109 0.19948471
0.00000000 359.09912109 0.19984789
0.00000000 359.09912109 0.19978450
0.00000000 359.09912109 0.19958067
0.00000000 359.09912109 0.19958082
0.00000000 359.09912109 0.19958445
0.00000000 359.09912109 0.19970763
0.00000000 359.09912109 0.19961749
0.00000000 359.09912109 0.19975564
0.00000000 359.09912109 0.19964822
0.00000000 359.09912109 0.19937149
0.00000000 359.09912109 0.19941574
0.00000000 359.09912109 0.19932254
0.00000000 359.09912109 0.19937380
0.00000000 359.09912109 0.19923052
0.00000000 359.09912109 0.19930007
0.00000000 359.09912109 0.19936505
0.00000000 359.09912109 0.19920644
0.00000000 359.09912109 0.19905277
0.00000000 359.09912109 0.19885355
0.00000000 359.09912109 0.19911164
0.00000000 359.09912109 0.19898094
0.00000000 359.09912109 0.19914155
0.00000000 359.09912109 0.19900511
0.00000000 359.09912109 0.19884820
0.00000000 359.09912109 0.19894768
0.00000000 359.09912109 0.19892576
0.00000000 359.09912109 0.19902959
0.00000000 359.09912109 0.19915383
0.00000000 359.09912109 0.19934976
0.00000000 359.09912109 0.19935180
0.00000000 359.09912109 0.19917405
0.00000000 359.09912109 0.19921544
0.00000000 359.09912109 0.19945990
0.00000000 359.09912109 0.19944215
0.00000000 359.09912109 0.19949038
0.00000000 359.09912109 0.19934869
0.00000000 359.09912109 0.19947596
0.00000000 359.09912109 0.19940187
0.00000000 359.09912109 0.19948548
0.00000000 359.09912109 0.19966887
0.00000000 359.09912109 0.19975273
0.00000000 359.09912109 0.19973838
0.00000000 359.09912109 0.19945787
0.00000000 359.09912109 0.19945626
0.00000000 359.09912109 0.19970267
0.00000000 359.09912109 0.19993933
0.00000000 359.09912109 0.20000239
0.00000000 359.09912109 0.20014814
0.00000000 359.09912109 0.20006089
0.00000000 359.09912109 0.19984305
0.00000000 359.09912109 0.19989787
0.00000000 359.09912109 0.20000394
0.00000000 359.09912109 0.19996057
0.00000000 359.09912109 0.19966155
0.00000000 359.09912109 0.19974297
0.00000000 359.09912109 0.19973110
0.00000000 359.09912109 0.19991328
0.00000000 359.09912109 0.19988221
0.00000000 359.09912109 0.20012137
0.00000000 359.09912109 0.20005967
0.00000000 359.09912109 0.19996129
0.00000000 359.09912109 0.19986004
0.00000000 359.09912109 0.19991119
0.00000000 359.09912109 0.19993348
0.00000000 359.09912109 0.19985935
0.00000000 359.09912109 0.19988361
0.00000000 359.09912109 0.19994634
0.00000000 359.09912109 0.20018093
0.00000000 359.09912109 0.20031865
0.00000000 359.09912109 0.20025635
0.00000000 359.09912109 0.19993459
0.00000000 359.09912109 0.19966920
0.00000000 359.09912109 0.19960006
0.00000000 359.09912109 0.19960804
0.00000000 359.15405273 0.19957671
0.00000000 359.15405273 0.19966730
0.00000000 359.15405273 0.19963248
0.00000000 359.15405273 0.19972585
0.00000000 359.15405273 0.19935416
0.00000000 359.15405273 0.19951682
0.00000000 359.15405273 0.19969849
0.00000000 359.15405273 0.19971760
0.00000000 359.15405273 0.19950564
0.00000000 359.15405273 0.19947131
0.00000000 359.15405273 0.19977124
0.00000000 359.15405273 0.20000419
0.00000000 359.15405273 0.20017472
0.00000000 359.15405273 0.20004845
0.00000000 359.15405273 0.20007645
0.00000000 359.15405273 0.20015670
0.00000000 359.15405273 0.19999322
0.00000000 359.15405273 0.19985302
0.00000000 359.15405273 0.19986266
0.00000000 359.15405273 0.19995770
0.00000000 359.15405273 0.19989935
0.00000000 359.15405273 0.19963622
0.00000000 359.15405273 0.19969696
0.00000000 359.15405273 0.19982462
0.00000000 359.15405273 0.20002538
0.00000000 359.15405273 0.19952479
0.00000000 359.15405273 0.19938187
0.00000000 359.15405273 0.19975671
0.00000000 359.15405273 0.19954979
0.00000000 359.15405273 0.19971183
0.00000000 359.15405273 0.19978671
0.00000000 359.15405273 0.19975758
0.00000000 359.15405273 0.19986539
0.00000000 359.15405273 0.19962886
0.00000000 359.15405273 0.19957204
0.00000000 359.15405273 0.19955947
0.00000000 359.15405273 0.19960932
0.00000000 359.15405273 0.19944246
0.00000000 359.15405273 0.19919175
0.00000000 359.15405273 0.19929846
0.00000000 359.15405273 0.19926310
0.00000000 359.15405273 0.19951123
0.00000000 359.15405273 0.19929753
0.00000000 359.15405273 0.19952771
0.00000000 359.15405273 0.19947423
0.00000000 359.15405273 0.19953619
0.00000000 359.15405273 0.19957064
0.00000000 359.15405273 0.19977596
0.00000000 359.15405273 0.19959757
0.00000000 359.15405273 0.19965832
0.00000000 359.15405273 0.19964983
0.00000000 359.15405273 0.19956556
0.00000000 359.15405273 0.19967091
0.00000000 359.15405273 0.19973990
0.00000000 359.15405273 0.19991952
0.00000000 359.15405273 0.20007789
0.00000000 359.15405273 0.20018354
0.00000000 359.15405273 0.20013922
0.00000000 359.15405273 0.20005161
0.00000000 359.15405273 0.20011455
0.00000000 359.15405273 0.19999835
0.00000000 359.15405273 0.19969064
0.00000000 359.15405273 0.19973655
0.00000000 359.15405273 0.19972244
0.00000000 359.15405273 0.19976997
0.00000000 359.15405273 0.19997141
0.00000000 359.15405273 0.20026617
0.00000000 359.15405273 0.20031251
0.00000000 359.15405273 0.20048326
0.00000000 359.15405273 0.20038684
0.00000000 359.15405273 0.20022832
0.00000000 359.15405273 0.19987385
0.00000000 359.15405273 0.19981086
0.00000000 359.15405273 0.19993976
0.00000000 359.15405273 0.19980156
0.00000000 359.15405273 0.19961154
0.00000000 359.15405273 0.19952755
0.00000000 359.15405273 0.19944890
0.00000000 359.15405273 0.19967780
0.00000000 359.15405273 0.19950591
0.00000000 359.15405273 0.19934577
0.00000000 359.20898438 0.19895849
0.00000000 359.20898438 0.19877450
0.00000000 359.20898438 0.19869573
0.00000000 359.20898438 0.19857199
0.00000000 359.20898438 0.19836976
0.00000000 359.20898438 0.19845660
0.00000000 359.20898438 0.19861612
0.00000000 359.20898438 0.19859400
0.00000000 359.20898438 0.19867229
0.00000000 359.20898438 0.19883776
0.00000000 359.20898438 0.19902065
0.00000000 359.20898438 0.19917683
0.00000000 359.20898438 0.19912779
0.00000000 359.20898438 0.19940105
0.00000000 359.20898438 0.19933502
0.00000000 359.20898438 0.19958128
0.00000000 359.20898438 0.19944812
0.00000000 359.20898438 0.19961613
0.00000000 359.20898438 0.19963247
0.00000000 359.20898438 0.19970889
0.00000000 359.20898438 0.19975692
0.00000000 359.20898438 0.19978938
0.00000000 359.20898438 0.19945070
0.00000000 359.20898438 0.19896525
0.00000000 359.20898438 0.19927965
0.00000000 359.20898438 0.19952366
0.00000000 359.20898438 0.19954748
0.00000000 359.20898438 0.19944616
0.00000000 359.20898438 0.19943140
0.00000000 359.20898438 0.19931558
0.00000000 359.20898438 0.19954155
0.00000000 359.20898438 0.19941585
0.00000000 359.20898438 0.19951074
0.00000000 359.20898438 0.19939142
0.00000000 359.20898438 0.19946507
0.00000000 359.20898438 0.19938920
0.00000000 359.20898438 0.19944021
0.00000000 359.20898438 0.19942749
0.00000000 359.20898438 0.19955710
0.00000000 359.20898438 0.19955660
0.00000000 359.20898438 0.19934443
0.00000000 359.20898438 0.19960167
0.00000000 359.20898438 0.19959903
0.00000000 359.20898438 0.19944660
0.00000000 359.20898438 0.19951646
0.00000000 359.20898438 0.19946912
0.00000000 359.20898438 0.19929650
0.00000000 359.20898438 0.19946446
0.00000000 359.20898438 0.19923779
0.00000000 359.26388550 0.19878861
0.00000000 359.26388550 0.19871314
0.00000000 359.26388550 0.19864033
0.00000000 359.26388550 0.19894186
0.00000000 359.26388550 0.19861865
0.00000000 359.26388550 0.19834882
0.00000000 359.26388550 0.19828369
0.00000000 359.26388550 0.19826642
0.00000000 359.26388550 0.19826064
0.00000000 359.26388550 0.19811586
0.00000000 359.26388550 0.19795090
0.00000000 359.26388550 0.19789530
0.00000000 359.26388550 0.19761157
0.00000000 359.26388550 0.19765955
0.00000000 359.26388550 0.19721362
0.00000000 359.26388550 0.19746113
0.00000000 359.26388550 0.19743639
0.00000000 359.26388550 0.19745113
0.00000000 359.26388550 0.19736409
0.00000000 359.26388550 0.19752048
0.00000000 359.26388550 0.19784893
0.00000000 359.26388550 0.19800965
0.00000000 359.26388550 0.19806132
0.00000000 359.31884766 0.19814824
0.00000000 359.31884766 0.19817595
0.00000000 359.31884766 0.19828668
0.00000000 359.31884766 0.19827370
0.00000000 359.31884766 0.19822441
0.00000000 359.31884766 0.19859312
0.00000000 359.31884766 0.19892330
0.00000000 359.31884766 0.19916895
0.00000000 359.31884766 0.19924539
0.00000000 359.31884766 0.19881815
0.00000000 359.31884766 0.19886467
0.00000000 359.31884766 0.19916511
0.00000000 359.31884766 0.19927546
0.00000000 359.31884766 0.19911259
0.00000000 359.31884766 0.19926976
0.00000000 359.31884766 0.19947974
0.00000000 359.31884766 0.19956230
0.00000000 359.31884766 0.19931373
0.00000000 359.31884766 0.19945399
0.00000000 359.31884766 0.19970529
0.00000000 359.31884766 0.19961961
0.00000000 359.37380981 0.19942774
0.00000000 359.37380981 0.19950774
0.00000000 359.37380981 0.19963315
0.00000000 359.37380981 0.19955531
0.00000000 359.37380981 0.19976339
0.00000000 359.37380981 0.19920878
0.00000000 359.42871094 0.19899087
0.00000000 359.42871094 0.19898435
0.00000000 359.42871094 0.19912829
0.00000000 359.48364258 0.19857405
0.00000000 359.48364258 0.19834863
0.00000000 359.48364258 0.19842876
0.00000000 359.53857422 0.19850791
0.00000000 359.53857422 0.19845960
0.00000000 359.59350586 0.19860953
0.00000000 359.59350586 0.19838063
0.00000000 359.64840698 0.19823730
0.00000000 359.64840698 0.19788730
0.00000000 359.70336914 0.19735587
0.00000000 359.75833130 0.19699913
0.00000000 359.81323242 0.19656208
0.00000000 359.81323242 0.19624411
0.00000000 359.86816406 0.19587560
0.00000000 359.97802734 0.19515866
0.00000000 360.03292847 0.19443823
0.00000000 360.19775391 0.19366616
0.00000000 360.30761719 0.19210958
0.00000000 360.58227539 0.18971941
0.00000000 360.91192627 0.18699588
0.00000000 361.18655396 0.18420471
0.00000000 361.51617432 0.18178271
0.00000000 361.79086304 0.18047538
0.00000000 361.90072632 0.17952786
0.00000000 362.01058960 0.17891964
0.00000000 362.01058960 0.17892927
0.00000000 362.06549072 0.17891496
0.00000000 362.12042236 0.17867224
0.00000000 362.12042236 0.17850593
0.00000000 362.17538452 0.17829879
0.00000000 362.23028564 0.17832993
0.00000000 362.23028564 0.17884251
0.00000000 362.28524780 0.17923056
0.00000000 362.34014893 0.17996126
0.00000000 362.39511108 0.18099265
0.00000000 362.50494385 0.18216310
0.00000000 362.61480713 0.18284859
0.00000000 362.66976929 0.18335292
0.00000000 362.72467041 0.18353124
0.00000000 362.77963257 0.18378964
0.00000000 362.83453369 0.18347943
0.00000000 362.88946533 0.18297547
0.00000000 362.94442749 0.18274245
0.00000000 363.05429077 0.18258280
0.00000000 363.10919189 0.18252465
0.00000000 363.16415405 0.18226956
0.00000000 363.27398682 0.18204108
0.00000000 363.32894897 0.18190046
0.00000000 363.38385010 0.18197381
0.00000000 363.38385010 0.18214628
0.00000000 363.43884277 0.18252189
0.00000000 363.43884277 0.18261126
0.00000000 363.49374390 0.18258888
0.00000000 363.49374390 0.18284585
0.00000000 363.54870605 0.18301570
0.00000000 363.54870605 0.18337817
0.00000000 363.54870605 0.18356706
0.00000000 363.60360718 0.18379708
0.00000000 363.60360718 0.18382534
0.00000000 363.60360718 0.18419605
0.00000000 363.60360718 0.18452688
0.00000000 363.60360718 0.18486716
0.00000000 363.65856934 0.18520473
0.00000000 363.65856934 0.18541557
0.00000000 363.65856934 0.18565066
0.00000000 363.65856934 0.18564725
0.00000000 363.65856934 0.18583453
0.00000000 363.65856934 0.18616538
0.00000000 363.65856934 0.18649244
0.00000000 363.65856934 0.18677728
0.00000000 363.65856934 0.18716362
0.00000000 363.65856934 0.18729128
0.00000000 363.65856934 0.18754928
0.00000000 363.65856934 0.18781619
0.00000000 363.65856934 0.18800585
0.00000000 363.65856934 0.18810140
0.00000000 363.65856934 0.18813953
0.00000000 363.65856934 0.18800248
0.00000000 363.65856934 0.18808496
0.00000000 363.65856934 0.18816404
0.00000000 363.65856934 0.18833491
0.00000000 363.65856934 0.18850036
0.00000000 363.65856934 0.18869224
0.00000000 363.65856934 0.18893392
0.00000000 363.65856934 0.18890782
0.00000000 363.65856934 0.18919007
0.00000000 363.65856934 0.18899752
0.00000000 363.71347046 0.18916588
0.00000000 363.71347046 0.18923445
0.00000000 363.71347046 0.18937410
0.00000000 363.71347046 0.18943579
0.00000000 363.71347046 0.18929186
0.00000000 363.71347046 0.18950371
0.00000000 363.71347046 0.18968523
0.00000000 363.71347046 0.18986984
0.00000000 363.71347046 0.18980649
0.00000000 363.71347046 0.18986849
0.00000000 363.71347046 0.18998289
0.00000000 363.71347046 0.18983248
0.00000000 363.71347046 0.18980198
0.00000000 363.71347046 0.19010136
0.00000000 363.71347046 0.19029632
0.00000000 363.71347046 0.19032973
0.00000000 363.71347046 0.19021949
0.00000000 363.71347046 0.19040510
0.00000000 363.71347046 0.19021730
0.00000000 363.71347046 0.19018681
0.00000000 363.71347046 0.19042581
0.00000000 363.71347046 0.19035210
0.00000000 363.71347046 0.19048077
0.00000000 363.71347046 0.19072725
0.00000000 363.71347046 0.19076940
0.00000000 363.71347046 0.19089290
0.00000000 363.76843262 0.19083555
0.00000000 363.76843262 0.19118886
0.00000000 363.76843262 0.19126037
0.00000000 363.76843262 0.19112167
0.00000000 363.76843262 0.19131707
0.00000000 363.76843262 0.19137149
0.00000000 363.76843262 0.19128031
0.00000000 363.76843262 0.19128133
0.00000000 363.76843262 0.19143648
0.00000000 363.76843262 0.19155036
0.00000000 363.76843262 0.19171441
0.00000000 363.76843262 0.19157919
0.00000000 363.76843262 0.19150695
0.00000000 363.76843262 0.19162998
0.00000000 363.76843262 0.19207217
0.00000000 363.76843262 0.19238444
0.00000000 363.76843262 0.19257516
0.00000000 363.76843262 0.19269970
0.00000000 363.76843262 0.19276047
0.00000000 363.76843262 0.19257180
0.00000000 363.76843262 0.19289987
0.00000000 363.76843262 0.19308481
0.00000000 363.76843262 0.19325896
0.00000000 363.76843262 0.19338009
0.00000000 363.76843262 0.19359969
0.00000000 363.76843262 0.19377151
0.00000000 363.76843262 0.19407748
0.00000000 363.82336426 0.19419400
0.00000000 363.82336426 0.19414058
0.00000000 363.82336426 0.19410452
0.00000000 363.82336426 0.19388179
0.00000000 363.82336426 0.19402677
0.00000000 363.82336426 0.19412063
0.00000000 363.82336426 0.19410814
0.00000000 363.82336426 0.19404960
0.00000000 363.82336426 0.19397181
0.00000000 363.82336426 0.19373286
0.00000000 363.82336426 0.19378407
0.00000000 363.82336426 0.19361213
0.00000000 363.82336426 0.19362143
0.00000000 363.82336426 0.19366629
0.00000000 363.82336426 0.19369599
0.00000000 363.82336426 0.19370028
0.00000000 363.82336426 0.19364369
0.00000000 363.82336426 0.19386095
0.00000000 363.82336426 0.19415089
0.00000000 363.82336426 0.19409879
0.00000000 363.82336426 0.19383524
0.00000000 363.82336426 0.19386309
0.00000000 363.87826538 0.19397581
0.00000000 363.87826538 0.19402973
0.00000000 363.87826538 0.19415107
0.00000000 363.87826538 0.19429764
0.00000000 363.87826538 0.19466271
0.00000000 363.87826538 0.19487359
0.00000000 363.87826538 0.19469695
0.00000000 363.87826538 0.19479683
0.00000000 363.87826538 0.19477056
0.00000000 363.87826538 0.19503017
0.00000000 363.87826538 0.19509365
0.00000000 363.87826538 0.19512346
0.00000000 363.87826538 0.19477506
0.00000000 363.87826538 0.19470266
0.00000000 363.87826538 0.19467650
0.00000000 363.87826538 0.19480510
0.00000000 363.87826538 0.19458254
0.00000000 363.87826538 0.19458167
0.00000000 363.87826538 0.19446357
0.00000000 363.93322754 0.19426391
0.00000000 363.93322754 0.19420086
0.00000000 363.93322754 0.19382873
0.00000000 363.93322754 0.19375658
0.00000000 363.93322754 0.19371976
0.00000000 363.93322754 0.19359367
0.00000000 363.93322754 0.19360273
0.00000000 363.93322754 0.19364138
0.00000000 363.93322754 0.19379163
0.00000000 363.93322754 0.19402425
0.00000000 363.93322754 0.19440812
0.00000000 363.93322754 0.19440529
0.00000000 363.93322754 0.19466771
0.00000000 363.93322754 0.19489416
0.00000000 363.93322754 0.19507097
0.00000000 363.93322754 0.19533786
0.00000000 363.93322754 0.19562927
0.00000000 363.93322754 0.19607329
0.00000000 363.93322754 0.19647188
0.00000000 363.93322754 0.19652528
0.00000000 363.93322754 0.19656923
0.00000000 363.93322754 0.19658300
0.00000000 363.93322754 0.19669597
0.00000000 363.98812866 0.19658163
0.00000000 363.98812866 0.19683498
0.00000000 363.98812866 0.19657505
0.00000000 363.98812866 0.19663441
0.00000000 363.98812866 0.19671433
0.00000000 363.98812866 0.19674999
0.00000000 363.98812866 0.19688167
0.00000000 363.98812866 0.19691671
0.00000000 363.98812866 0.19668688
0.00000000 363.98812866 0.19664158
0.00000000 363.98812866 0.19667713
0.00000000 363.98812866 0.19643144
0.00000000 363.98812866 0.19632410
0.00000000 363.98812866 0.19651099
0.00000000 363.98812866 0.19657809
0.00000000 363.98812866 0.19666556
0.00000000 363.98812866 0.19670855
0.00000000 363.98812866 0.19662441
0.00000000 363.98812866 0.19665596
0.00000000 363.98812866 0.19645122
0.00000000 363.98812866 0.19624968
0.00000000 363.98812866 0.19625388
0.00000000 363.98812866 0.19656031
0.00000000 363.98812866 0.19643448
0.00000000 363.98812866 0.19638108
0.00000000 363.98812866 0.19624195
0.00000000 363.98812866 0.19626607
0.00000000 363.98812866 0.19644742
0.00000000 363.98812866 0.19659029
0.00000000 363.98812866 0.19629805
0.00000000 363.98812866 0.19647735
0.00000000 363.98812866 0.19643624
0.00000000 363.98812866 0.19636530
0.00000000 363.98812866 0.19638932
0.00000000 363.98812866 0.19628398
0.00000000 363.98812866 0.19629236
0.00000000 363.98812866 0.19645514
0.00000000 363.98812866 0.19617213
0.00000000 363.98812866 0.19611064
0.00000000 363.98812866 0.19625494
0.00000000 363.98812866 0.19637407
0.00000000 363.98812866 0.19654348
0.00000000 363.98812866 0.19681723
0.00000000 363.98812866 0.19689992
0.00000000 363.98812866 0.19684589
0.00000000 363.98812866 0.19706416
0.00000000 363.98812866 0.19729041
0.00000000 363.98812866 0.19737813
0.00000000 363.98812866 0.19731122
0.00000000 363.98812866 0.19748262
0.00000000 363.98812866 0.19759336
0.00000000 363.98812866 0.19775958
0.00000000 363.98812866 0.19764633
0.00000000 363.98812866 0.19757102
0.00000000 363.98812866 0.19772334
0.00000000 363.98812866 0.19755529
0.00000000 363.98812866 0.19736628
0.00000000 363.98812866 0.19726513
0.00000000 363.98812866 0.19746812
0.00000000 363.98812866 0.19726221
0.00000000 363.98812866 0.19740590
0.00000000 363.98812866 0.19751880
0.00000000 363.98812866 0.19753189
0.00000000 363.98812866 0.19757919
0.00000000 363.98812866 0.19760115
0.00000000 363.98812866 0.19757827
0.00000000 363.98812866 0.19760883
0.00000000 363.98812866 0.19746011
0.00000000 363.98812866 0.19754323
0.00000000 363.98812866 0.19783247
0.00000000 363.98812866 0.19782260
0.00000000 363.98812866 0.19767225
0.00000000 363.98812866 0.19762166
0.00000000 363.98812866 0.19744164
0.00000000 363.98812866 0.19703405
0.00000000 364.04309082 0.19726637
0.00000000 364.04309082 0.19714938
0.00000000 364.04309082 0.19691369
0.00000000 364.04309082 0.19652624
0.00000000 364.04309082 0.19675900
0.00000000 364.04309082 0.19639991
0.00000000 364.04309082 0.19646926
0.00000000 364.04309082 0.19680831
0.00000000 364.04309082 0.19679725
0.00000000 364.04309082 0.19695583
0.00000000 364.04309082 0.19734375
0.00000000 364.04309082 0.19766042
0.00000000 364.04309082 0.19784203
0.00000000 364.04309082 0.19789775
0.00000000 364.04309082 0.19765969
0.00000000 364.04309082 0.19769789
0.00000000 364.04309082 0.19792315
0.00000000 364.04309082 0.19788381
0.00000000 364.04309082 0.19801848
0.00000000 364.04309082 0.19803517
0.00000000 364.09799194 0.19812126
0.00000000 364.09799194 0.19794753
0.00000000 364.09799194 0.19794931
0.00000000 364.09799194 0.19792566
0.00000000 364.09799194 0.19785254
0.00000000 364.15295410 0.19770886
0.00000000 364.15295410 0.19728090
0.00000000 364.15295410 0.19726911
0.00000000 364.15295410 0.19725214
0.00000000 364.15295410 0.19728862
0.00000000 364.15295410 0.19746639
0.00000000 364.15295410 0.19737299
0.00000000 364.15295410 0.19723243
0.00000000 364.20788574 0.19740373
0.00000000 364.20788574 0.19732939
0.00000000 364.20788574 0.19715975
0.00000000 364.20788574 0.19712973
0.00000000 364.20788574 0.19737373
0.00000000 364.20788574 0.19730927
0.00000000 364.20788574 0.19743994
0.00000000 364.20788574 0.19742283
0.00000000 364.20788574 0.19761816
0.00000000 364.20788574 0.19766048
0.00000000 364.20788574 0.19763526
0.00000000 364.20788574 0.19787508
0.00000000 364.20788574 0.19786726
0.00000000 364.20788574 0.19805904
0.00000000 364.20788574 0.19814280
0.00000000 364.20788574 0.19817975
0.00000000 364.20788574 0.19799203
0.00000000 364.20788574 0.19803604
0.00000000 364.20788574 0.19844474
0.00000000 364.20788574 0.19859163
0.00000000 364.20788574 0.19849351
0.00000000 364.20788574 0.19849142
0.00000000 364.20788574 0.19841428
0.00000000 364.20788574 0.19826245
0.00000000 364.20788574 0.19811094
0.00000000 364.20788574 0.19800250
0.00000000 364.20788574 0.19782962
0.00000000 364.20788574 0.19773486
0.00000000 364.20788574 0.19757000
0.00000000 364.20788574 0.19768590
0.00000000 364.20788574 0.19747795
0.00000000 364.20788574 0.19763348
0.00000000 364.20788574 0.19758542
0.00000000 364.20788574 0.19775860
0.00000000 364.20788574 0.19757803
0.00000000 364.20788574 0.19743942
0.00000000 364.20788574 0.19756947
0.00000000 364.20788574 0.19755107
0.00000000 364.20788574 0.19779764
0.00000000 364.20788574 0.19776425
0.00000000 364.20788574 0.19765155
0.00000000 364.20788574 0.19775744
0.00000000 364.20788574 0.19776362
0.00000000 364.20788574 0.19784135
0.00000000 364.20788574 0.19785312
0.00000000 364.20788574 0.19796175
0.00000000 364.20788574 0.19809100
0.00000000 364.20788574 0.19797401
0.00000000 364.20788574 0.19833450
0.00000000 364.20788574 0.19837774
0.00000000 364.20788574 0.19845387
0.00000000 364.20788574 0.19855650
0.00000000 364.20788574 0.19848646
0.00000000 364.20788574 0.19854267
0.00000000 364.20788574 0.19832273
0.00000000 364.20788574 0.19872732
0.00000000 364.20788574 0.19878338
0.00000000 364.20788574 0.19908822
0.00000000 364.20788574 0.19901736
0.00000000 364.20788574 0.19921875
0.00000000 364.20788574 0.19909894
0.00000000 364.20788574 0.19932851
0.00000000 364.20788574 0.19962069
0.00000000 364.20788574 0.19967411
0.00000000 364.20788574 0.19973828
0.00000000 364.20788574 0.19968830
0.00000000 364.20788574 0.19963458
0.00000000 364.20788574 0.19982137
0.00000000 364.20788574 0.19970566
0.00000000 364.20788574 0.19977602
0.00000000 364.20788574 0.19992442
0.00000000 364.20788574 0.19970933
0.00000000 364.20788574 0.19971921
0.00000000 364.20788574 0.19982645
0.00000000 364.20788574 0.19958344
0.00000000 364.20788574 0.19986014
0.00000000 364.20788574 0.19974308
0.00000000 364.20788574 0.19974430
0.00000000 364.20788574 0.19949819
0.00000000 364.20788574 0.19920427
0.00000000 364.20788574 0.19888309
0.00000000 364.20788574 0.19899969
0.00000000 364.20788574 0.19920015
0.00000000 364.20788574 0.19882949
0.00000000 364.20788574 0.19887437
0.00000000 364.20788574 0.19890842
0.00000000 364.20788574 0.19876644
0.00000000 364.20788574 0.19864777
0.00000000 364.20788574 0.19829766
0.00000000 364.20788574 0.19841154
0.00000000 364.20788574 0.19848521
0.00000000 364.20788574 0.19829825
0.00000000 364.20788574 0.19823526
0.00000000 364.20788574 0.19819790
0.00000000 364.20788574 0.19826876
0.00000000 364.20788574 0.19845143
0.00000000 364.20788574 0.19839354
0.00000000 364.20788574 0.19855823
0.00000000 364.20788574 0.19870837
0.00000000 364.20788574 0.19862260
0.00000000 364.20788574 0.19862762
0.00000000 364.20788574 0.19845489
0.00000000 364.20788574 0.19886586
0.00000000 364.20788574 0.19909070
0.00000000 364.20788574 0.19916922
0.00000000 364.20788574 0.19921225
0.00000000 364.20788574 0.19946949
0.00000000 364.20788574 0.19961718
0.00000000 364.20788574 0.19951454
0.00000000 364.20788574 0.19955613
0.00000000 364.20788574 0.19949816
0.00000000 364.20788574 0.19975600
0.00000000 364.20788574 0.19950037
0.00000000 364.20788574 0.19925676
0.00000000 364.20788574 0.19929415
0.00000000 364.20788574 0.19949839
0.00000000 364.20788574 0.19977209
0.00000000 364.20788574 0.20010456
0.00000000 364.20788574 0.20012893
0.00000000 364.20788574 0.19994478
0.00000000 364.20788574 0.19998261
0.00000000 364.20788574 0.19988202
0.00000000 364.20788574 0.20008215
0.00000000 364.20788574 0.20031565
0.00000000 364.20788574 0.20041576
0.00000000 364.20788574 0.20033878
0.00000000 364.20788574 0.20019332
0.00000000 364.20788574 0.20023830
0.00000000 364.20788574 0.20016254
0.00000000 364.20788574 0.20038545
0.00000000 364.20788574 0.20029581
0.00000000 364.20788574 0.19992112
0.00000000 364.20788574 0.19956438
0.00000000 364.20788574 0.19968662
0.00000000 364.20788574 0.19966875
0.00000000 364.20788574 0.19967125
0.00000000 364.20788574 0.19933259
0.00000000 364.20788574 0.19923040
0.00000000 364.20788574 0.19899793
0.00000000 364.20788574 0.19891483
0.00000000 364.26278687 0.19884901
0.00000000 364.26278687 0.19904970
0.00000000 364.26278687 0.19890904
0.00000000 364.26278687 0.19864231
0.00000000 364.26278687 0.19863169
0.00000000 364.26278687 0.19850868
0.00000000 364.26278687 0.19874188
0.00000000 364.26278687 0.19849451
0.00000000 364.26278687 0.19846690
0.00000000 364.26278687 0.19862603
0.00000000 364.26278687 0.19828291
0.00000000 364.26278687 0.19832414
0.00000000 364.26278687 0.19851103
0.00000000 364.26278687 0.19833420
0.00000000 364.26278687 0.19845621
0.00000000 364.26278687 0.19850506
0.00000000 364.26278687 0.19843835
0.00000000 364.26278687 0.19854504
0.00000000 364.26278687 0.19848256
0.00000000 364.26278687 0.19859414
0.00000000 364.26278687 0.19856440
0.00000000 364.26278687 0.19841896
0.00000000 364.26278687 0.19821325
0.00000000 364.26278687 0.19856863
0.00000000 364.26278687 0.19860198
0.00000000 364.26278687 0.19859830
0.00000000 364.26278687 0.19882618
0.00000000 364.26278687 0.19899431
0.00000000 364.26278687 0.19935347
0.00000000 364.26278687 0.19918862
0.00000000 364.26278687 0.19918019
0.00000000 364.26278687 0.19921492
0.00000000 364.26278687 0.19922659
0.00000000 364.26278687 0.19935399
0.00000000 364.26278687 0.19972123
0.00000000 364.26278687 0.19989100
0.00000000 364.26278687 0.19972707
0.00000000 364.26278687 0.19999130
0.00000000 364.26278687 0.20006473
0.00000000 364.26278687 0.19980627
0.00000000 364.26278687 0.19978511
0.00000000 364.26278687 0.19991127
0.00000000 364.26278687 0.20004691
0.00000000 364.26278687 0.20012151
0.00000000 364.26278687 0.19986148
0.00000000 364.26278687 0.20013070
0.00000000 364.26278687 0.20010667
0.00000000 364.26278687 0.20037715
0.00000000 364.26278687 0.20025168
0.00000000 364.26278687 0.20018913
0.00000000 364.26278687 0.20011006
0.00000000 364.26278687 0.20018426
0.00000000 364.26278687 0.20032808
0.00000000 364.26278687 0.20001137
0.00000000 364.26278687 0.20007826
0.00000000 364.26278687 0.19986546
0.00000000 364.26278687 0.20008455
0.00000000 364.26278687 0.19979611
0.00000000 364.26278687 0.19993895
0.00000000 364.26278687 0.19991806
0.00000000 364.26278687 0.19974694
0.00000000 364.26278687 0.19936331
0.00000000 364.26278687 0.19940947
0.00000000 364.26278687 0.19940858
0.00000000 364.26278687 0.19940098
0.00000000 364.26278687 0.19957408
0.00000000 364.26278687 0.19930360
0.00000000 364.26278687 0.19908941
0.00000000 364.26278687 0.19903888
0.00000000 364.26278687 0.19938026
0.00000000 364.26278687 0.19964410
0.00000000 364.26278687 0.19969198
0.00000000 364.26278687 0.19979306
0.00000000 364.31777954 0.19952358
0.00000000 364.31777954 0.19951095
0.00000000 364.31777954 0.19962910
0.00000000 364.31777954 0.19967811
0.00000000 364.31777954 0.19985543
0.00000000 364.31777954 0.19955137
0.00000000 364.31777954 0.19959036
0.00000000 364.31777954 0.19943938
0.00000000 364.31777954 0.19942996
0.00000000 364.31777954 0.19959979
0.00000000 364.31777954 0.19957107
0.00000000 364.31777954 0.19918889
0.00000000 364.31777954 0.19909999
0.00000000 364.31777954 0.19901179
0.00000000 364.31777954 0.19902621
0.00000000 364.31777954 0.19898164
0.00000000 364.31777954 0.19910628
0.00000000 364.31777954 0.19899587
0.00000000 364.31777954 0.19878295
0.00000000 364.31777954 0.19877361
0.00000000 364.31777954 0.19910659
0.00000000 364.31777954 0.19901368
0.00000000 364.31777954 0.19880211
0.00000000 364.31777954 0.19853893
0.00000000 364.31777954 0.19853200
0.00000000 364.31777954 0.19832741
0.00000000 364.31777954 0.19860281
0.00000000 364.31777954 0.19868264
